city,results,group,h_true,noise_scale,offset_px,seed,a_panos,a_sites,h_star_a,a_slope,b_views_2p6,b_2p6,b_2p6_null_sd_m,b_2p6_offset,b_2p6_raw,h_star_b,b_slope,b_amplification,h_star_b_lo,h_star_b_hi,h_star_b_local,h_star_b_local_extrapolated,gap_raw,gap_fixed,gap_local,a_err,b_2p6_err,b_fixed_err,b_local_err,b_at_1.4,b_at_1.6,b_at_1.8,b_at_2,b_at_2.3,b_at_2.6,b_at_3,b_raw_at_1.4,b_raw_at_1.6,b_raw_at_1.8,b_raw_at_2,b_raw_at_2.3,b_raw_at_2.6,b_raw_at_3,implied_at_1.4,implied_at_1.6,implied_at_1.8,implied_at_2,implied_at_2.3,implied_at_2.6,implied_at_3,n_dets_in,n_dets_out,n_no_site,n_unprojectable,n_on_rig
richmond,results.jsonl,gopro/max,2.0,0.5,-4.0,2,586,421,1.658,0.2986,938,2.2205,0.0472,2.5115,1.9584,1.815,0.5416,2.1813,1.786,1.8425,1.8627,False,0.5625,0.1571,0.2047,-0.342,0.2205,-0.185,-0.1373,1.5519,1.7212,1.836,1.9211,2.073,2.2205,2.4618,1.3834,1.5242,1.6302,1.6973,1.8231,1.9584,2.1791,1.5739,1.6572,1.716,1.7499,1.8341,1.9161,2.0828,9526,8096,1430,0,12
richmond,results.jsonl,gopro/max,2.0,0.5,-4.0,3,583,408,1.6749,0.3194,908,2.2593,0.0329,2.5465,1.975,1.8362,0.568,2.3146,1.8051,1.866,1.8841,False,0.5844,0.1613,0.2091,-0.3251,0.2593,-0.1638,-0.1159,1.5627,1.7126,1.8531,1.9268,2.083,2.2593,2.5048,1.3927,1.5284,1.6395,1.7084,1.8468,1.975,2.2387,1.5851,1.6632,1.7302,1.7637,1.859,1.9546,2.119,9526,8096,1430,0,10
richmond,results.jsonl,gopro/max,2.0,0.5,-4.0,4,586,413,1.7099,0.298,928,2.2213,0.0431,2.4947,1.9875,1.875,0.5435,2.1906,1.8455,1.9045,1.9028,False,0.5114,0.1651,0.1929,-0.2901,0.2213,-0.125,-0.0972,1.579,1.7538,1.8579,1.9453,2.1193,2.2213,2.5045,1.4089,1.559,1.6554,1.7514,1.8768,1.9875,2.2493,1.6111,1.7011,1.7506,1.7939,1.8552,1.9352,2.1359,9526,8096,1430,0,9
richmond,results.jsonl,gopro/max,2.0,0.5,-4.0,5,584,391,1.6432,0.3454,907,2.2541,0.0517,2.5053,2.0284,1.8221,0.5753,2.3548,1.7919,1.8509,1.8373,False,0.6108,0.1789,0.194,-0.3568,0.2541,-0.1779,-0.1627,1.5672,1.7157,1.817,1.9256,2.076,2.2541,2.5183,1.3952,1.5242,1.6097,1.694,1.8313,2.0284,2.2529,1.6115,1.6355,1.6739,1.7383,1.8241,1.9611,2.1628,9526,8096,1430,0,11
richmond,results.jsonl,gopro/max,2.0,0.5,-2.0,2,632,447,1.7783,0.2841,1056,2.2451,0.0399,2.4824,2.0244,1.8911,0.552,2.2323,1.8615,1.9199,1.9812,False,0.4668,0.1128,0.2029,-0.2217,0.2451,-0.1089,-0.0188,1.5703,1.717,1.8989,1.9898,2.124,2.2451,2.5,1.4222,1.5549,1.7013,1.7859,1.8996,2.0244,2.2431,1.6703,1.727,1.8068,1.8396,1.9081,1.9858,2.1503,9526,8096,1430,0,12
richmond,results.jsonl,gopro/max,2.0,0.5,-2.0,3,633,438,1.8037,0.2854,1064,2.3102,0.0505,2.5157,2.0545,1.9225,0.5516,2.2304,1.892,1.9522,1.9646,False,0.5064,0.1187,0.1608,-0.1963,0.3102,-0.0775,-0.0354,1.5794,1.7536,1.8966,1.9792,2.1388,2.3102,2.4851,1.4241,1.5931,1.7133,1.8054,1.927,2.0545,2.2311,1.6803,1.7521,1.8167,1.8605,1.934,2.0166,2.1577,9526,8096,1430,0,11
richmond,results.jsonl,gopro/max,2.0,0.5,-2.0,4,630,448,1.8407,0.2761,1065,2.3126,0.054,2.5235,2.0748,1.9727,0.5437,2.1918,1.9413,2.0023,2.0218,False,0.4719,0.132,0.181,-0.1593,0.3126,-0.0273,0.0218,1.6091,1.7811,1.9066,2.0103,2.1684,2.3126,2.5054,1.4609,1.6138,1.7397,1.8223,1.9505,2.0748,2.2676,1.6934,1.7937,1.8435,1.9026,1.9501,2.0287,2.1742,9526,8096,1430,0,11
richmond,results.jsonl,gopro/max,2.0,0.5,-2.0,5,632,425,1.7909,0.3116,1043,2.2743,0.037,2.516,2.0362,1.9249,0.5552,2.2483,1.8961,1.953,1.9621,False,0.4834,0.134,0.1712,-0.2091,0.2743,-0.0751,-0.0379,1.6061,1.7533,1.8801,1.9813,2.1299,2.2743,2.53,1.449,1.5976,1.7037,1.7823,1.8988,2.0362,2.3014,1.6953,1.7408,1.8033,1.8308,1.9053,2.0177,2.2174,9526,8096,1430,0,11
richmond,results.jsonl,gopro/max,2.0,0.5,-1.0,2,654,457,1.8456,0.2749,1121,2.2977,0.0239,2.5153,2.0581,1.9593,0.5525,2.2347,1.9298,1.9877,2.0437,False,0.4521,0.1137,0.1981,-0.1544,0.2977,-0.0407,0.0437,1.5935,1.7567,1.9127,2.0231,2.1644,2.2977,2.5112,1.446,1.5946,1.7402,1.849,1.9564,2.0581,2.2491,1.7126,1.7918,1.8449,1.8967,1.949,2.0278,2.186,9526,8096,1430,0,12
richmond,results.jsonl,gopro/max,2.0,0.5,-1.0,3,642,436,1.8706,0.2902,1108,2.3359,0.0294,2.5178,2.101,1.9516,0.5835,2.4012,1.9181,1.984,2.0477,False,0.4652,0.0809,0.1771,-0.1294,0.3359,-0.0484,0.0477,1.5766,1.755,1.8863,2.0292,2.1454,2.3359,2.5389,1.4351,1.6191,1.7334,1.8565,1.9606,2.101,2.2628,1.7181,1.8043,1.8638,1.9133,1.9822,2.0729,2.206,9526,8096,1430,0,11
richmond,results.jsonl,gopro/max,2.0,0.5,-1.0,4,643,458,1.8969,0.2743,1106,2.34,0.0378,2.5261,2.1136,2.0046,0.5775,2.367,1.971,2.0369,2.0928,False,0.4431,0.1076,0.1958,-0.1031,0.34,0.0046,0.0928,1.5863,1.7806,1.9237,2.0528,2.1821,2.34,2.5522,1.4531,1.6247,1.7683,1.8739,1.9943,2.1136,2.3022,1.7469,1.806,1.8964,1.9383,2.0082,2.0655,2.207,9526,8096,1430,0,12
richmond,results.jsonl,gopro/max,2.0,0.5,-1.0,5,648,444,1.8563,0.2674,1098,2.3065,0.0227,2.5336,2.0541,1.9786,0.5526,2.235,1.9492,2.0073,2.0601,False,0.4502,0.1223,0.2038,-0.1437,0.3065,-0.0214,0.0601,1.6029,1.78,1.9115,2.0374,2.1507,2.3065,2.5309,1.4583,1.6209,1.7482,1.8482,1.931,2.0541,2.3056,1.7241,1.8201,1.8494,1.8812,1.9494,2.0364,2.1895,9526,8096,1430,0,11
richmond,results.jsonl,gopro/max,2.0,0.5,0.0,2,670,468,1.9074,0.2705,1163,2.3148,0.02,2.4988,2.0956,1.9758,0.5744,2.3496,1.9439,2.0068,2.0793,False,0.4075,0.0684,0.1719,-0.0926,0.3148,-0.0242,0.0793,1.5953,1.7573,1.8964,2.0441,2.1773,2.3148,2.5446,1.4677,1.6147,1.7379,1.884,1.9905,2.0956,2.2877,1.7519,1.8325,1.8843,1.9559,2.0016,2.0834,2.2068,9526,8096,1430,0,15
richmond,results.jsonl,gopro/max,2.0,0.5,0.0,3,656,443,1.9394,0.2813,1162,2.3384,0.0356,2.4802,2.1256,2.0229,0.5767,2.3625,1.9893,2.0548,2.1119,False,0.399,0.0835,0.1725,-0.0606,0.3384,0.0229,0.1119,1.6045,1.7849,1.9197,2.0537,2.2097,2.3384,2.5606,1.4712,1.6339,1.7651,1.8828,2.0148,2.1256,2.3176,1.7649,1.8593,1.9136,1.9694,2.038,2.0945,2.2522,9526,8096,1430,0,11
richmond,results.jsonl,gopro/max,2.0,0.5,0.0,4,662,472,1.967,0.2621,1163,2.3646,0.0347,2.5251,2.162,2.0518,0.5699,2.3252,2.0192,2.0838,2.1463,False,0.3976,0.0847,0.1793,-0.033,0.3646,0.0518,0.1463,1.6091,1.7895,1.9435,2.0976,2.1974,2.3646,2.5531,1.4808,1.6494,1.7898,1.9253,2.0222,2.162,2.3142,1.8045,1.8555,1.9435,1.9894,2.0568,2.1426,2.2207,9526,8096,1430,0,13
richmond,results.jsonl,gopro/max,2.0,0.5,0.0,5,660,463,1.9333,0.2497,1158,2.3283,0.0328,2.5161,2.1016,2.0192,0.563,2.2884,1.9876,2.0494,2.0991,False,0.3951,0.0859,0.1658,-0.0667,0.3283,0.0192,0.0991,1.62,1.7885,1.9175,2.0549,2.1887,2.3283,2.5548,1.4881,1.6502,1.7755,1.8804,1.9902,2.1016,2.3261,1.7849,1.869,1.9139,1.9484,2.0117,2.0793,2.217,9526,8096,1430,0,14
richmond,results.jsonl,gopro/max,2.0,0.5,1.0,2,682,476,1.969,0.2645,1214,2.3446,0.0226,2.4941,2.1622,2.0346,0.5668,2.3084,2.0026,2.0654,2.1755,False,0.3757,0.0656,0.2065,-0.031,0.3446,0.0346,0.1755,1.6158,1.7606,1.9326,2.0686,2.2513,2.3446,2.5279,1.4882,1.6402,1.7888,1.9138,2.0575,2.1622,2.2991,1.7994,1.8713,1.9268,2.0039,2.0599,2.1326,2.2318,9526,8096,1430,0,16
richmond,results.jsonl,gopro/max,2.0,0.5,1.0,3,674,456,1.9949,0.273,1197,2.3489,0.0502,2.4664,2.1546,2.0424,0.5939,2.4624,2.0081,2.0761,2.1416,False,0.3541,0.0476,0.1468,-0.0051,0.3489,0.0424,0.1416,1.593,1.7732,1.948,2.0558,2.2376,2.3489,2.5798,1.4771,1.6375,1.8076,1.9063,2.0696,2.1546,2.3553,1.8022,1.8762,1.9717,2.0196,2.0967,2.1382,2.2604,9526,8096,1430,0,13
richmond,results.jsonl,gopro/max,2.0,0.5,1.0,4,681,474,2.0312,0.2689,1199,2.3805,0.0297,2.5234,2.1993,2.0904,0.5925,2.4538,2.0553,2.1248,2.1858,False,0.3493,0.0592,0.1545,0.0312,0.3805,0.0904,0.1858,1.6061,1.7891,1.9744,2.088,2.2459,2.3805,2.5887,1.4869,1.6578,1.8243,1.944,2.0765,2.1993,2.3672,1.8383,1.9086,1.994,2.0331,2.1162,2.1777,2.2803,9526,8096,1430,0,13
richmond,results.jsonl,gopro/max,2.0,0.5,1.0,5,682,480,2.001,0.2502,1218,2.3547,0.0382,2.5039,2.1343,2.0773,0.5828,2.3968,2.0448,2.1098,2.1856,False,0.3537,0.0763,0.1845,0.001,0.3547,0.0773,0.1856,1.6166,1.7902,1.9553,2.0858,2.2471,2.3547,2.5841,1.5045,1.6579,1.814,1.9299,2.0489,2.1343,2.3445,1.8351,1.9107,1.9673,2.0012,2.0819,2.1165,2.2677,9526,8096,1430,0,16
richmond,results.jsonl,gopro/max,2.0,0.5,2.0,2,696,485,2.0362,0.2683,1263,2.4044,0.035,2.5335,2.2036,2.0791,0.5757,2.3568,2.0463,2.111,2.2358,False,0.3682,0.0429,0.1996,0.0362,0.4044,0.0791,0.2358,1.6238,1.7999,1.9289,2.0653,2.2822,2.4044,2.5333,1.5189,1.6772,1.7968,1.9191,2.116,2.2036,2.3409,1.8365,1.9222,1.978,2.0524,2.1296,2.1728,2.2817,9526,8096,1430,0,16
richmond,results.jsonl,gopro/max,2.0,0.5,2.0,3,692,474,2.0649,0.2783,1234,2.4079,0.036,2.5046,2.2111,2.1138,0.6007,2.5041,2.078,2.1491,2.2345,False,0.343,0.0489,0.1696,0.0649,0.4079,0.1138,0.2345,1.6165,1.7947,1.9602,2.0933,2.2739,2.4079,2.592,1.4994,1.668,1.8244,1.9494,2.1061,2.2111,2.3765,1.8377,1.9332,2.0233,2.0776,2.1452,2.1907,2.3148,9526,8096,1430,0,13
richmond,results.jsonl,gopro/max,2.0,0.5,2.0,4,687,487,2.0862,0.2861,1231,2.4311,0.0268,2.5375,2.2448,2.1618,0.6287,2.693,2.1224,2.2004,2.3132,False,0.3448,0.0756,0.227,0.0862,0.4311,0.1618,0.3132,1.6016,1.7901,1.9784,2.1243,2.3078,2.4311,2.6274,1.4882,1.6792,1.8514,1.9731,2.139,2.2448,2.414,1.8447,1.9547,2.0218,2.0891,2.1624,2.2402,2.3184,9526,8096,1430,0,14
richmond,results.jsonl,gopro/max,2.0,0.5,2.0,5,701,486,2.0684,0.2462,1261,2.396,0.0315,2.5042,2.1934,2.1078,0.5767,2.3626,2.0763,2.1389,2.2391,False,0.3277,0.0395,0.1708,0.0684,0.396,0.1078,0.2391,1.6221,1.8023,1.9683,2.1012,2.2742,2.396,2.5591,1.5208,1.6847,1.8421,1.9523,2.1026,2.1934,2.3412,1.8565,1.9737,2.028,2.0617,2.1364,2.1941,2.2826,9526,8096,1430,0,16
richmond,results.jsonl,gopro/max,2.0,0.5,4.0,2,715,507,2.1649,0.2801,1330,2.501,0.0273,2.5075,2.3182,2.2079,0.6395,2.7736,2.1656,2.2489,2.3637,False,0.3361,0.0431,0.1989,0.1649,0.501,0.2079,0.3637,1.6248,1.8014,1.9738,2.1154,2.3267,2.501,2.6294,1.5343,1.7097,1.857,1.9948,2.1668,2.3182,2.4358,1.9193,2.002,2.0622,2.1434,2.239,2.3043,2.3567,9526,8096,1430,0,18
richmond,results.jsonl,gopro/max,2.0,0.5,4.0,3,712,501,2.1817,0.3037,1316,2.4826,0.0364,2.5221,2.3199,2.2301,0.6484,2.8439,2.1883,2.2733,2.3372,False,0.3009,0.0484,0.1555,0.1817,0.4826,0.2301,0.3372,1.623,1.7941,1.9933,2.1452,2.3166,2.4826,2.6654,1.5277,1.6949,1.8794,2.0135,2.1758,2.3199,2.4423,1.9109,1.9763,2.0839,2.1717,2.2503,2.3181,2.387,9526,8096,1430,0,13
richmond,results.jsonl,gopro/max,2.0,0.5,4.0,4,709,498,2.2171,0.3049,1308,2.5041,0.023,2.5568,2.3355,2.297,0.6702,3.0318,2.2508,2.3488,2.4155,False,0.2869,0.0799,0.1984,0.2171,0.5041,0.297,0.4155,1.6271,1.7963,2.0078,2.1581,2.36,2.5041,2.7015,1.5293,1.7039,1.8956,2.0354,2.2236,2.3355,2.4978,1.9055,2.0304,2.1171,2.1894,2.2757,2.3434,2.4085,9526,8096,1430,0,15
richmond,results.jsonl,gopro/max,2.0,0.5,4.0,5,710,502,2.194,0.268,1306,2.4858,0.0246,2.506,2.3127,2.237,0.6264,2.6764,2.1989,2.2752,2.375,False,0.2917,0.0429,0.1809,0.194,0.4858,0.237,0.375,1.6427,1.8236,1.9884,2.1388,2.338,2.4858,2.6408,1.5513,1.7238,1.8817,2.0238,2.1929,2.3127,2.4367,1.9304,2.029,2.129,2.1706,2.2362,2.3094,2.3772,9526,8096,1430,0,16
