city,convention,n_sites,n_sites_before_intersection,n_pairs,mean_pair_m,median_pair_m,p90_pair_m,mean_pair_over_range,mean_pair_m_tilt_0-1.5,n_pairs_tilt_0-1.5,median_pair_m_grade_0-1.5,n_pairs_grade_0-1.5,median_pair_m_relroad_0-1.5,n_pairs_relroad_0-1.5,mean_pair_m_tilt_1.5-3,n_pairs_tilt_1.5-3,median_pair_m_grade_1.5-3,n_pairs_grade_1.5-3,median_pair_m_relroad_1.5-3,n_pairs_relroad_1.5-3,mean_pair_m_tilt_3-5,n_pairs_tilt_3-5,median_pair_m_grade_3-5,n_pairs_grade_3-5,median_pair_m_relroad_3-5,n_pairs_relroad_3-5,mean_pair_m_tilt_5-10,n_pairs_tilt_5-10,median_pair_m_grade_5-10,n_pairs_grade_5-10,median_pair_m_relroad_5-10,n_pairs_relroad_5-10,mean_pair_m_tilt_10+,n_pairs_tilt_10+,median_pair_m_grade_10+,n_pairs_grade_10+,median_pair_m_relroad_10+,n_pairs_relroad_10+
richmond,off,1079,1183,29249,3.2335559833240355,2.7273581022777895,6.490613566716833,0.25748879623618576,2.6767358789232736,2990,2.5560095842032986,17633,2.2023637378490775,10548,2.9307976686573713,11168,2.988531413818792,4952,2.6439419493873015,8013,3.372206624255978,9908,3.2773584326566105,1883,3.7389176923329575,4177,3.8560393756088756,4111,3.187965158294374,423,3.675281350642197,1646,4.272098142203632,1072,3.6617191908282494,87,4.491581481321942,594
richmond,documented,1079,1183,29249,3.575771599971528,2.3447394902836294,7.29906945138145,0.23894169496035217,2.620620082090588,2990,2.0084058082845906,17633,1.9625330619846484,10548,2.760603079880411,11168,3.009760881662569,4952,2.233353009004244,8013,3.3469321531453384,9908,4.163059715736822,1883,3.102242082334536,4177,5.501102917924682,4111,4.864224076497251,423,3.780527024949353,1646,9.463839941286897,1072,3.4000734628485407,87,4.9745989303809655,594
richmond,pitch-flipped,1079,1183,29249,5.438699023920273,3.7650702298413483,11.077525568990737,0.3738382785271536,3.1399178360551643,2990,3.466349497155661,17633,2.899680863757479,10548,3.9892471087727146,11168,4.490358491466466,4952,3.633735966704613,8013,5.835480887098369,9908,4.735817635416651,1883,6.11915642569882,4177,8.840271897153436,4111,5.555692921477376,423,5.594974761483411,1646,10.238749357739742,1072,3.6244148028877854,87,6.092038135041428,594
richmond,roll-flipped,1079,1183,29249,5.046954680209655,3.4158619918712074,9.875136335054293,0.33624024109470096,2.931167949542434,2990,3.167064847997938,17633,3.0830727247373027,10548,3.8651421363394642,11168,3.694614219790929,4952,3.3933324954019537,8013,5.298531299782079,9908,4.7122349095686245,1883,3.506607289713072,4177,7.783055285812843,4111,5.408116144760148,423,4.968602548782165,1646,10.44243423084305,1072,3.915672649868063,87,6.203675981632011,594
richmond,both-flipped,1079,1183,29249,6.080849580055761,4.369878049035829,11.789572958301028,0.4297614706233883,3.391100710182933,2990,4.095012212317726,17633,3.5957338696120864,10548,4.764072722066322,11168,4.916453738110908,4952,4.242071704787101,8013,6.910642227378112,9908,4.884222657805238,1883,6.044710719461664,4177,9.32406448368335,4111,4.858501051166842,423,5.719207795135254,1646,7.194348696159261,1072,4.621025414706634,87,6.018484198043517,594
richmond,pitch-only,1079,1183,29249,3.6392822639336946,2.5918619769810696,7.282990793968419,0.2562919378526604,2.6705935730192367,2990,2.2909814115604825,17633,2.2173070684635707,10548,2.9540384757222027,11168,3.0570416277490784,4952,2.55571465609454,8013,3.6765357559986755,9908,4.114389603774348,1883,3.058179157414021,4177,5.130459731117863,4111,4.958884108983769,423,3.653054937543768,1646,7.417121485581285,1072,4.01417724067105,87,4.961031484691924,594
richmond,roll-only,1079,1183,29249,3.2642022177958276,2.57944363836797,6.7143673297420206,0.24780612405930103,2.623299222571406,2990,2.3657515311263158,17633,2.0272865210493958,10548,2.7798519338843346,11168,2.9462689858253217,4952,2.4500966064584664,8013,3.2477998478476136,9908,3.183518329887396,1883,3.806445082134898,4177,4.457919857756977,4111,3.640199939275816,423,3.91657450099475,1646,5.671539335343587,1072,2.9221614741710966,87,4.655346536388861,594
richmond,road-relative,1079,1183,29249,3.360119415548525,2.2036979985632654,6.889704457777372,0.22802820939519583,2.6930569164500633,2990,1.8927925931279987,17633,1.7709745153001462,10548,2.8048864758884973,11168,2.7484281102534354,4952,2.128625920967573,8013,3.2027356197727563,9908,3.481925090884771,1883,2.7926978443547035,4177,4.717447520721975,4111,3.729011679127541,423,3.593340094832199,1646,7.254467503800253,1072,3.697874990508284,87,5.033105238466121,594
clovis,off,1532,1560,22468,3.031190579529617,2.5518855722144207,6.138762308010885,0.24339262046220045,2.233024201394826,1612,2.507838790263432,20556,2.3303541284664537,11961,2.568335834337138,7562,2.698938550777522,614,2.6519939750730557,7765,3.181988647977939,9583,2.403841091350351,49,3.4108556747585754,1411,3.9316632000519927,3711,3.1448629839955142,101,3.3649203230944287,176,,0,3.29266601551689,73,3.6156940197909586,80
clovis,documented,1532,1560,22468,2.1386747697378925,1.5379685301312622,4.700209299409441,0.16157939022009288,1.988344104995543,1612,1.5019309697697434,20556,1.4756838032346973,11961,2.0262514505302054,7562,1.8021783354683594,614,1.5848183760378054,7765,2.148291839761854,9583,1.7645357376965463,49,1.490095119375211,1411,2.4082295499517357,3711,1.9507247869849982,101,1.1961117156381365,176,,0,3.019852609857664,73,3.0620027884161103,80
clovis,pitch-flipped,1532,1560,22468,5.156241246177635,4.014127286674376,10.475772682091456,0.3893025846385349,2.452807121680451,1612,3.925517042925174,20556,3.7160464206607067,11961,3.713374854166837,7562,4.15937280053181,614,4.023098992102396,7765,5.659043060258439,9583,4.160952624389833,49,5.511619951353352,1411,7.972339785853942,3711,3.89413607157227,101,4.162294683774161,176,,0,6.173974502701156,73,6.173974502701156,80
clovis,roll-flipped,1532,1560,22468,3.738510735370549,2.6013619499057272,7.89565500133912,0.25939882757999105,2.567138139287727,1612,2.576424343087819,20556,2.061852190254599,11961,3.2249203227596315,7562,3.322916240716837,614,3.2802935590173683,7765,3.9926257529075486,9583,3.2641657285008296,49,4.264389039338727,1411,4.637685920493752,3711,2.569169090431561,101,3.353854211619934,176,,0,3.2295765835326233,73,3.3059034546449646,80
clovis,both-flipped,1532,1560,22468,6.106032839078617,4.594438112450051,12.60205575479375,0.4340535118091797,2.96375215654634,1612,4.51788261117123,20556,4.020394413680921,11961,4.519510097715599,7562,5.021470077526782,614,5.023657430174983,7765,6.751689285485059,9583,4.487371850961808,49,6.271498503034624,1411,9.036594872092962,3711,4.465089525379135,101,5.191921836320822,176,,0,7.016651132527679,73,7.016651132527679,80
clovis,pitch-only,1532,1560,22468,2.5033198337530087,1.8537946979107751,5.402750786989132,0.18747844556566362,2.1317219778625147,1612,1.8299421312182391,20556,1.654563534731903,11961,2.301437412335444,7562,2.3667684044710837,614,2.0599934583253736,7765,2.5588508607993656,9583,1.5877967690002657,49,2.5641312013644573,1411,2.9327180504789223,3711,1.8989768433678498,101,2.4165083868095714,176,,0,2.523471528326176,73,2.695978153174213,80
clovis,roll-only,1532,1560,22468,2.8916209370356425,2.364274867102837,5.904499073541834,0.2318571168788915,2.0964875174831126,1612,2.3137077663129135,20556,2.231029277717925,11961,2.3868774419098244,7562,2.51653968266827,614,2.320778401306676,7765,3.02554725605392,9583,2.47286995146103,49,3.2263705064705888,1411,3.9197021731735995,3711,2.862783093292112,101,2.720759491605062,176,,0,3.1308624122684723,73,3.1308624122684723,80
clovis,road-relative,1532,1560,22468,2.238176399743354,1.5789915438560052,4.872187253551558,0.16726624639984877,2.0513136665161813,1612,1.5312315040501097,20556,1.506426354048242,11961,2.1071443024516565,7562,2.0793675179997866,614,1.6218500396327473,7765,2.2125505949030995,9583,2.552455707097353,49,1.5472211824425017,1411,2.6525282007312776,3711,1.9450697699986417,101,1.3133781173839127,176,,0,8.964713776277781,73,8.991590457857038,80
morgantown,off,1201,1359,32389,2.681887909615217,2.114513423585643,5.742729776016804,0.23163546039585833,2.507650510841736,2940,2.1870829196114774,10280,2.087613870937023,27410,2.650046268498939,9749,2.1314555709043113,10841,2.2116210754241217,3889,2.743841673171396,12533,1.9921899685391098,6745,2.231009720487365,661,2.673220396976854,6704,2.0883967714553373,4255,2.9878596674245945,366,2.907206695175951,463,1.7898843558382294,217,4.4623489469209465,12
morgantown,documented,1201,1359,32389,4.450608713250721,2.607480705831725,9.488401594874148,0.3054009133214043,2.4984341866663047,2940,2.0464666691432396,10280,2.597566601593564,27410,3.119076859711547,9749,2.445747047180968,10841,2.6113268017205318,3889,4.20686412929619,12533,3.209351442926458,6745,2.726472398534799,661,7.471910722448892,6704,4.5966410354835165,4255,3.018290051651402,366,7.734710979663647,463,5.845521299278152,217,3.9803170501553793,12
morgantown,pitch-flipped,1201,1359,32389,5.516715577915456,3.1680502992439155,11.630075319958248,0.37133623072236566,2.78575938968378,2940,2.4144043595579694,10280,3.1036898612198405,27410,3.5258045419699124,9749,3.047019587283399,10841,3.3907929401994625,3889,5.744211170115229,12533,4.037832487387857,6745,3.7192479745128644,661,8.813470487030655,6704,4.88946254436316,4255,4.985022476922958,366,10.885518418274424,463,5.336050201126461,217,5.493759523762201,12
morgantown,roll-flipped,1201,1359,32389,5.603164122404064,3.328339145083263,11.751010675342389,0.37526950138821796,2.704417887839472,2940,2.7604875919263625,10280,3.270986220968709,27410,3.7745120164998642,9749,3.229476542862943,10841,3.6798454494526998,3889,5.817924912555136,12533,3.6555409831323002,6745,3.5725181573365483,661,8.766548394929945,6704,4.975035520940807,4255,4.113432479229582,366,10.896723872086714,463,5.678039321379773,217,3.2385633787566093,12
morgantown,both-flipped,1201,1359,32389,5.971122899064004,3.53652930177608,12.346941080197245,0.40493242369538623,2.9804559371726844,2940,3.00674099920433,10280,3.465448919501681,27410,3.9611888780684836,9749,3.4142724925881747,10841,3.876921934037369,3889,6.379708281512781,12533,4.043898093725166,6745,4.175097890631461,661,9.048984141706434,6704,4.890718097891212,4255,4.322559500117788,366,11.657138600447231,463,4.7523958529559875,217,4.551768415567886,12
morgantown,pitch-only,1201,1359,32389,4.164516787836039,2.592687995621547,8.585574679964223,0.2990305113392391,2.5034004874666813,2940,2.2052682662856147,10280,2.568425728936229,27410,3.0824243811598344,9749,2.5397504616184006,10841,2.7251289898539506,3889,4.109186727742938,12533,2.8616941977415085,6745,2.57678397051956,661,6.407479781069584,6704,3.8174277965987264,4255,3.4588709507899713,366,6.517926144815248,463,5.294794658674716,217,2.5371434829661785,12
morgantown,roll-only,1201,1359,32389,3.072578033213748,2.2167535445253126,6.476027047534079,0.24839138191444932,2.5044174727532824,2940,2.0627747800729788,10280,2.188679500801562,27410,2.7120031040148276,9749,2.158718481760016,10841,2.329626439281144,3889,3.0868747263961502,12533,2.3493974049040838,6745,2.3241947502795064,661,3.721804189981176,6704,2.532943692246557,4255,3.2433953500483406,366,4.485200974661172,463,2.330857890406452,217,5.197001729952019,12
morgantown,road-relative,1201,1359,32389,2.831461560129455,2.0666928312692323,6.108030394379495,0.23099733713161866,2.510262724852398,2940,2.010076859201512,10280,2.0203390943753723,27410,2.763193903838751,9749,2.04868279613998,10841,2.22585111716634,3889,2.8497501677319876,12533,2.121503283366701,6745,2.4609575913081074,661,3.0124049550631216,6704,2.153245004213818,4255,3.7828232131215045,366,3.1934708866408514,463,1.8357967492400475,217,6.725520986151978,12
annapolis,off,3101,3135,119907,3.291098521886259,2.752932109759765,6.682579223519276,0.25284056650218867,2.88325410344272,4383,2.771922267936124,83284,2.375157565616748,1988,3.230529231691299,40285,2.7061827994441874,28703,2.7348441477094916,74831,3.35100876482731,63740,2.713827175005346,5269,2.813354426277848,39903,3.3285043704131962,11484,2.6744056098544298,437,2.697581174519638,1007,1.915651321621628,15,2.755318948486172,99,3.255135771840995,63
annapolis,documented,3101,3135,119907,3.893823524688842,2.784770734173401,8.352901126857788,0.26198821368829517,2.8266653786085096,4383,2.705591816614418,83284,2.821359668162532,1988,3.43644035157499,40285,2.9337015136649662,28703,2.8620709865718705,74831,4.040099519156773,63740,3.269383595986895,5269,2.6497293714120795,39903,5.092240135488923,11484,3.7185252187678897,437,2.2233296307791406,1007,5.012959347857761,15,2.86583191840988,99,3.7893974304383873,63
annapolis,pitch-flipped,3101,3135,119907,6.775799350361916,4.607450715881451,14.84563278360751,0.4376427838774193,3.3429443389325586,4383,4.715586085422809,83284,2.9745925551697225,1988,5.407124896470098,40285,4.375740209538478,28703,4.477212335592701,74831,7.391795041420929,63740,4.455573350210557,5269,5.004519478951415,39903,9.462306641870455,11484,5.082029203789371,437,4.570434164755577,1007,11.298386439773939,15,3.229842521087729,99,3.7076326206945605,63
annapolis,roll-flipped,3101,3135,119907,4.199759881341147,2.925608964186597,8.922642347896174,0.28450667855328365,2.9259224668742205,4383,2.8198688474269233,83284,2.9262216703659085,1988,3.58412260504089,40285,3.153121628002781,28703,3.016898040899185,74831,4.385522151735406,63740,3.54621680213184,5269,2.7628720285412958,39903,5.806447481768091,11484,4.025062807904405,437,2.496810040035577,1007,10.36572955675653,15,2.6098703332945203,99,3.556580646218545,63
annapolis,both-flipped,3101,3135,119907,6.50915210263399,4.581105088469402,13.677571512417005,0.4415070835966899,3.406461711692731,4383,4.66089956319041,83284,3.223968586093587,1988,5.321640329778867,40285,4.427112099588676,28703,4.4470094148701955,74831,6.989587629121091,63740,4.37389722606045,5269,4.982639876473429,39903,9.178496188323457,11484,5.467922128562271,437,4.5660459994833955,1007,17.195539743865307,15,3.2750232907772543,99,3.716907449582191,63
annapolis,pitch-only,3101,3135,119907,3.687364551589167,2.618348135147638,7.861575723020103,0.25389205339373644,2.8073981389519327,4383,2.5178630192128546,83284,2.6899608300794156,1988,3.238765367987519,40285,2.825882887546521,28703,2.6799898126802537,74831,3.809928297141164,63740,3.256935433780822,5269,2.5049839486518883,39903,4.913623251132522,11484,3.741677103876209,437,2.1991723043175946,1007,5.963554614336903,15,2.705176855871341,99,3.388501305381519,63
annapolis,roll-only,3101,3135,119907,3.5760245432319553,2.870710152080198,7.386709466273108,0.26384260177336627,2.9098367623985637,4383,2.905813008300753,83284,2.4650935205633173,1988,3.4344898620439244,40285,2.7921645216559443,28703,2.866045995359195,74831,3.685065117872266,63740,2.834167457151587,5269,2.9171649452323027,39903,3.723638780530349,11484,2.9991637595386837,437,2.694142277336668,1007,1.9878609661940922,15,2.6694677966670657,99,3.1973604307414627,63
annapolis,road-relative,3101,3135,119907,3.661849134436736,2.7024048446825035,7.852031096055458,0.25168731467083927,3.1647137242539065,4383,2.7043239062817817,83284,2.605154393346705,1988,3.707695055944466,40285,2.6867039962494497,28703,2.762867290958861,74831,3.710133181805578,63740,2.6512259846685264,5269,2.587947617032325,39903,3.425017182336227,11484,2.87747610660452,437,2.4543032571697605,1007,1.941483369415475,15,5.081576413197803,99,6.832305975745409,63
laurens,off,141,143,1516,3.9986891625786303,3.6988581879438165,7.174261528244687,0.3663348527608703,3.9892525325722814,31,3.6941192110083247,1185,3.477671450177366,763,3.3615856939484523,376,3.649248050239902,319,3.834629072644655,549,4.091058831061384,850,7.220081687232857,7,4.424675348364191,170,4.621581909778644,259,,0,3.883580732081089,29,,0,6.91893649264027,5,6.91893649264027,5
laurens,documented,141,143,1516,3.5721964531444454,2.645968894251512,7.520600300699947,0.2948455521505231,3.985690609665733,31,2.5895607605732307,1185,2.626445777360448,763,3.1719797025668326,376,2.807069220084923,319,2.807069220084923,549,3.5574232138553605,850,17.698672477913817,7,2.442846164998643,170,4.152198124035353,259,,0,1.2216474249008795,29,,0,7.502903739966392,5,7.502903739966392,5
laurens,pitch-flipped,141,143,1516,5.462638234710821,4.229705399593374,9.950827598009447,0.40088429156389443,4.076111231536454,31,4.165378095385934,1185,3.371342334987034,763,3.73696736987242,376,4.311804202874104,319,4.630647462993177,549,5.2863837641537454,850,13.929668640415631,7,6.525923606117371,170,8.71225554069985,259,,0,5.859816418310585,29,,0,7.364328912815343,5,7.364328912815343,5
laurens,roll-flipped,141,143,1516,5.180343058877445,4.698296992433142,9.244674428703082,0.48549094544612176,4.052847645886023,31,4.633083508053281,1185,4.626005022511657,763,4.11515851742082,376,5.053096765541934,319,4.869630015656759,549,5.501018760017998,850,6.269807992960856,7,4.489793590044284,170,5.809251936950627,259,,0,2.595049606410542,29,,0,7.285793274977604,5,7.285793274977604,5
laurens,both-flipped,141,143,1516,6.0143900287393315,5.078018981367198,10.585269910736379,0.5310833961744126,4.128014755662182,31,5.088637999724686,1185,4.665139637556359,763,4.635967703694112,376,4.968360151636103,319,5.324597370608902,549,6.236194060535805,850,4.317161893174276,7,5.954542667161109,170,7.5133514212311905,259,,0,5.409551370893706,29,,0,7.994527720144513,5,7.994527720144513,5
laurens,pitch-only,141,143,1516,4.069472048061574,3.598725058947254,7.539615276249609,0.3652790063413263,3.995736026199865,31,3.54109543532583,1185,3.5806036618311365,763,3.4414402449563863,376,3.757347760921797,319,3.6842812956061453,549,4.192036561833064,850,9.31409986556912,7,3.2997384744608764,170,4.587796132770054,259,,0,1.7648377546440082,29,,0,6.81283223775872,5,6.81283223775872,5
laurens,roll-only,141,143,1516,3.6857994814826256,3.0723765209342844,7.278871835313348,0.3095911637661853,3.9917542027989885,31,3.0752290655005536,1185,2.673997102066604,763,3.0765451149557026,376,2.917980230479857,319,3.284287971606135,549,3.6773824900145216,850,15.724160235194864,7,4.650575220360506,170,4.561280130908124,259,,0,4.241314298587438,29,,0,7.392577224226425,5,7.392577224226425,5
laurens,road-relative,141,143,1516,3.4197086921985345,2.6476349269379873,7.17532582985435,0.28688000602161834,3.9940520937569364,31,2.6146422855002753,1185,2.573352834668358,763,2.9713424666974384,376,2.7348237418435195,319,2.88532387563409,549,3.43576964161164,850,13.223859880653846,7,2.528599216622266,170,3.949165249491823,259,,0,1.3865285727013634,29,,0,9.799957564364759,5,9.799957564364759,5
