tier,city,reference,bin_lo_m,n
0.30,bend,dominant,-1,153
0.30,bend,dominant,-0.95,18
0.30,bend,dominant,-0.9,28
0.30,bend,dominant,-0.85,33
0.30,bend,dominant,-0.8,33
0.30,bend,dominant,-0.75,34
0.30,bend,dominant,-0.7,44
0.30,bend,dominant,-0.65,77
0.30,bend,dominant,-0.6,93
0.30,bend,dominant,-0.55,109
0.30,bend,dominant,-0.5,165
0.30,bend,dominant,-0.45,224
0.30,bend,dominant,-0.4,302
0.30,bend,dominant,-0.35,385
0.30,bend,dominant,-0.3,583
0.30,bend,dominant,-0.25,825
0.30,bend,dominant,-0.2,1250
0.30,bend,dominant,-0.15,1841
0.30,bend,dominant,-0.1,2583
0.30,bend,dominant,-0.05,3317
0.30,bend,dominant,0,4705
0.30,bend,dominant,0.05,4473
0.30,bend,dominant,0.1,3609
0.30,bend,dominant,0.15,2797
0.30,bend,dominant,0.2,2190
0.30,bend,dominant,0.25,1562
0.30,bend,dominant,0.3,1173
0.30,bend,dominant,0.35,824
0.30,bend,dominant,0.4,608
0.30,bend,dominant,0.45,495
0.30,bend,dominant,0.5,344
0.30,bend,dominant,0.55,229
0.30,bend,dominant,0.6,220
0.30,bend,dominant,0.65,141
0.30,bend,dominant,0.7,125
0.30,bend,dominant,0.75,89
0.30,bend,dominant,0.8,97
0.30,bend,dominant,0.85,57
0.30,bend,dominant,0.9,48
0.30,bend,dominant,0.95,333
0.30,bend,local,-1,12
0.30,bend,local,-0.95,2
0.30,bend,local,-0.9,4
0.30,bend,local,-0.85,6
0.30,bend,local,-0.8,13
0.30,bend,local,-0.75,6
0.30,bend,local,-0.7,11
0.30,bend,local,-0.65,27
0.30,bend,local,-0.6,30
0.30,bend,local,-0.55,33
0.30,bend,local,-0.5,49
0.30,bend,local,-0.45,88
0.30,bend,local,-0.4,131
0.30,bend,local,-0.35,195
0.30,bend,local,-0.3,294
0.30,bend,local,-0.25,476
0.30,bend,local,-0.2,869
0.30,bend,local,-0.15,1623
0.30,bend,local,-0.1,2679
0.30,bend,local,-0.05,3976
0.30,bend,local,0,7209
0.30,bend,local,0.05,6000
0.30,bend,local,0.1,4090
0.30,bend,local,0.15,2777
0.30,bend,local,0.2,1771
0.30,bend,local,0.25,1131
0.30,bend,local,0.3,805
0.30,bend,local,0.35,566
0.30,bend,local,0.4,365
0.30,bend,local,0.45,261
0.30,bend,local,0.5,153
0.30,bend,local,0.55,109
0.30,bend,local,0.6,88
0.30,bend,local,0.65,56
0.30,bend,local,0.7,42
0.30,bend,local,0.75,32
0.30,bend,local,0.8,28
0.30,bend,local,0.85,23
0.30,bend,local,0.9,13
0.30,bend,local,0.95,84
0.30,bend,local_level,-1,1
0.30,bend,local_level,-0.85,1
0.30,bend,local_level,-0.75,1
0.30,bend,local_level,-0.65,3
0.30,bend,local_level,-0.55,2
0.30,bend,local_level,-0.5,2
0.30,bend,local_level,-0.45,4
0.30,bend,local_level,-0.4,6
0.30,bend,local_level,-0.35,7
0.30,bend,local_level,-0.3,9
0.30,bend,local_level,-0.25,10
0.30,bend,local_level,-0.2,22
0.30,bend,local_level,-0.15,64
0.30,bend,local_level,-0.1,121
0.30,bend,local_level,-0.05,262
0.30,bend,local_level,0,1846
0.30,bend,local_level,0.05,1579
0.30,bend,local_level,0.1,1292
0.30,bend,local_level,0.15,1042
0.30,bend,local_level,0.2,757
0.30,bend,local_level,0.25,533
0.30,bend,local_level,0.3,401
0.30,bend,local_level,0.35,283
0.30,bend,local_level,0.4,190
0.30,bend,local_level,0.45,134
0.30,bend,local_level,0.5,91
0.30,bend,local_level,0.55,61
0.30,bend,local_level,0.6,42
0.30,bend,local_level,0.65,24
0.30,bend,local_level,0.7,24
0.30,bend,local_level,0.75,14
0.30,bend,local_level,0.8,13
0.30,bend,local_level,0.85,9
0.30,bend,local_level,0.9,8
0.30,bend,local_level,0.95,37
0.30,bend,local_nonlevel,-1,11
0.30,bend,local_nonlevel,-0.95,2
0.30,bend,local_nonlevel,-0.9,4
0.30,bend,local_nonlevel,-0.85,5
0.30,bend,local_nonlevel,-0.8,13
0.30,bend,local_nonlevel,-0.75,5
0.30,bend,local_nonlevel,-0.7,11
0.30,bend,local_nonlevel,-0.65,24
0.30,bend,local_nonlevel,-0.6,30
0.30,bend,local_nonlevel,-0.55,31
0.30,bend,local_nonlevel,-0.5,47
0.30,bend,local_nonlevel,-0.45,84
0.30,bend,local_nonlevel,-0.4,125
0.30,bend,local_nonlevel,-0.35,188
0.30,bend,local_nonlevel,-0.3,285
0.30,bend,local_nonlevel,-0.25,466
0.30,bend,local_nonlevel,-0.2,847
0.30,bend,local_nonlevel,-0.15,1559
0.30,bend,local_nonlevel,-0.1,2558
0.30,bend,local_nonlevel,-0.05,3714
0.30,bend,local_nonlevel,0,5363
0.30,bend,local_nonlevel,0.05,4421
0.30,bend,local_nonlevel,0.1,2798
0.30,bend,local_nonlevel,0.15,1735
0.30,bend,local_nonlevel,0.2,1014
0.30,bend,local_nonlevel,0.25,598
0.30,bend,local_nonlevel,0.3,404
0.30,bend,local_nonlevel,0.35,283
0.30,bend,local_nonlevel,0.4,175
0.30,bend,local_nonlevel,0.45,127
0.30,bend,local_nonlevel,0.5,62
0.30,bend,local_nonlevel,0.55,48
0.30,bend,local_nonlevel,0.6,46
0.30,bend,local_nonlevel,0.65,32
0.30,bend,local_nonlevel,0.7,18
0.30,bend,local_nonlevel,0.75,18
0.30,bend,local_nonlevel,0.8,15
0.30,bend,local_nonlevel,0.85,14
0.30,bend,local_nonlevel,0.9,5
0.30,bend,local_nonlevel,0.95,47
0.30,gainesville,dominant,-1,59
0.30,gainesville,dominant,-0.95,21
0.30,gainesville,dominant,-0.9,11
0.30,gainesville,dominant,-0.85,15
0.30,gainesville,dominant,-0.8,19
0.30,gainesville,dominant,-0.75,33
0.30,gainesville,dominant,-0.7,38
0.30,gainesville,dominant,-0.65,53
0.30,gainesville,dominant,-0.6,58
0.30,gainesville,dominant,-0.55,81
0.30,gainesville,dominant,-0.5,66
0.30,gainesville,dominant,-0.45,90
0.30,gainesville,dominant,-0.4,116
0.30,gainesville,dominant,-0.35,198
0.30,gainesville,dominant,-0.3,203
0.30,gainesville,dominant,-0.25,336
0.30,gainesville,dominant,-0.2,535
0.30,gainesville,dominant,-0.15,753
0.30,gainesville,dominant,-0.1,1157
0.30,gainesville,dominant,-0.05,1700
0.30,gainesville,dominant,0,2250
0.30,gainesville,dominant,0.05,1889
0.30,gainesville,dominant,0.1,1321
0.30,gainesville,dominant,0.15,904
0.30,gainesville,dominant,0.2,591
0.30,gainesville,dominant,0.25,412
0.30,gainesville,dominant,0.3,286
0.30,gainesville,dominant,0.35,195
0.30,gainesville,dominant,0.4,160
0.30,gainesville,dominant,0.45,96
0.30,gainesville,dominant,0.5,89
0.30,gainesville,dominant,0.55,65
0.30,gainesville,dominant,0.6,47
0.30,gainesville,dominant,0.65,47
0.30,gainesville,dominant,0.7,28
0.30,gainesville,dominant,0.75,28
0.30,gainesville,dominant,0.8,29
0.30,gainesville,dominant,0.85,19
0.30,gainesville,dominant,0.9,15
0.30,gainesville,dominant,0.95,66
0.30,gainesville,local,-1,12
0.30,gainesville,local,-0.95,1
0.30,gainesville,local,-0.9,1
0.30,gainesville,local,-0.85,2
0.30,gainesville,local,-0.8,3
0.30,gainesville,local,-0.75,11
0.30,gainesville,local,-0.7,4
0.30,gainesville,local,-0.65,14
0.30,gainesville,local,-0.6,11
0.30,gainesville,local,-0.55,22
0.30,gainesville,local,-0.5,26
0.30,gainesville,local,-0.45,32
0.30,gainesville,local,-0.4,65
0.30,gainesville,local,-0.35,101
0.30,gainesville,local,-0.3,129
0.30,gainesville,local,-0.25,212
0.30,gainesville,local,-0.2,399
0.30,gainesville,local,-0.15,690
0.30,gainesville,local,-0.1,1215
0.30,gainesville,local,-0.05,2092
0.30,gainesville,local,0,2975
0.30,gainesville,local,0.05,2243
0.30,gainesville,local,0.1,1397
0.30,gainesville,local,0.15,802
0.30,gainesville,local,0.2,477
0.30,gainesville,local,0.25,328
0.30,gainesville,local,0.3,235
0.30,gainesville,local,0.35,145
0.30,gainesville,local,0.4,103
0.30,gainesville,local,0.45,68
0.30,gainesville,local,0.5,57
0.30,gainesville,local,0.55,41
0.30,gainesville,local,0.6,25
0.30,gainesville,local,0.65,31
0.30,gainesville,local,0.7,14
0.30,gainesville,local,0.75,9
0.30,gainesville,local,0.8,10
0.30,gainesville,local,0.85,12
0.30,gainesville,local,0.9,8
0.30,gainesville,local,0.95,28
0.30,gainesville,local_level,-1,4
0.30,gainesville,local_level,-0.75,3
0.30,gainesville,local_level,-0.5,2
0.30,gainesville,local_level,-0.35,4
0.30,gainesville,local_level,-0.3,1
0.30,gainesville,local_level,-0.25,1
0.30,gainesville,local_level,-0.2,1
0.30,gainesville,local_level,-0.15,7
0.30,gainesville,local_level,-0.1,15
0.30,gainesville,local_level,-0.05,25
0.30,gainesville,local_level,0,224
0.30,gainesville,local_level,0.05,235
0.30,gainesville,local_level,0.1,206
0.30,gainesville,local_level,0.15,172
0.30,gainesville,local_level,0.2,106
0.30,gainesville,local_level,0.25,93
0.30,gainesville,local_level,0.3,82
0.30,gainesville,local_level,0.35,53
0.30,gainesville,local_level,0.4,50
0.30,gainesville,local_level,0.45,31
0.30,gainesville,local_level,0.5,30
0.30,gainesville,local_level,0.55,21
0.30,gainesville,local_level,0.6,11
0.30,gainesville,local_level,0.65,17
0.30,gainesville,local_level,0.7,6
0.30,gainesville,local_level,0.75,4
0.30,gainesville,local_level,0.8,2
0.30,gainesville,local_level,0.85,3
0.30,gainesville,local_level,0.9,3
0.30,gainesville,local_level,0.95,10
0.30,gainesville,local_nonlevel,-1,8
0.30,gainesville,local_nonlevel,-0.95,1
0.30,gainesville,local_nonlevel,-0.9,1
0.30,gainesville,local_nonlevel,-0.85,2
0.30,gainesville,local_nonlevel,-0.8,3
0.30,gainesville,local_nonlevel,-0.75,8
0.30,gainesville,local_nonlevel,-0.7,4
0.30,gainesville,local_nonlevel,-0.65,14
0.30,gainesville,local_nonlevel,-0.6,11
0.30,gainesville,local_nonlevel,-0.55,22
0.30,gainesville,local_nonlevel,-0.5,24
0.30,gainesville,local_nonlevel,-0.45,32
0.30,gainesville,local_nonlevel,-0.4,65
0.30,gainesville,local_nonlevel,-0.35,97
0.30,gainesville,local_nonlevel,-0.3,128
0.30,gainesville,local_nonlevel,-0.25,211
0.30,gainesville,local_nonlevel,-0.2,398
0.30,gainesville,local_nonlevel,-0.15,683
0.30,gainesville,local_nonlevel,-0.1,1200
0.30,gainesville,local_nonlevel,-0.05,2067
0.30,gainesville,local_nonlevel,0,2751
0.30,gainesville,local_nonlevel,0.05,2008
0.30,gainesville,local_nonlevel,0.1,1191
0.30,gainesville,local_nonlevel,0.15,630
0.30,gainesville,local_nonlevel,0.2,371
0.30,gainesville,local_nonlevel,0.25,235
0.30,gainesville,local_nonlevel,0.3,153
0.30,gainesville,local_nonlevel,0.35,92
0.30,gainesville,local_nonlevel,0.4,53
0.30,gainesville,local_nonlevel,0.45,37
0.30,gainesville,local_nonlevel,0.5,27
0.30,gainesville,local_nonlevel,0.55,20
0.30,gainesville,local_nonlevel,0.6,14
0.30,gainesville,local_nonlevel,0.65,14
0.30,gainesville,local_nonlevel,0.7,8
0.30,gainesville,local_nonlevel,0.75,5
0.30,gainesville,local_nonlevel,0.8,8
0.30,gainesville,local_nonlevel,0.85,9
0.30,gainesville,local_nonlevel,0.9,5
0.30,gainesville,local_nonlevel,0.95,18
0.30,paterson,dominant,-1,506
0.30,paterson,dominant,-0.95,42
0.30,paterson,dominant,-0.9,37
0.30,paterson,dominant,-0.85,53
0.30,paterson,dominant,-0.8,51
0.30,paterson,dominant,-0.75,83
0.30,paterson,dominant,-0.7,100
0.30,paterson,dominant,-0.65,115
0.30,paterson,dominant,-0.6,141
0.30,paterson,dominant,-0.55,161
0.30,paterson,dominant,-0.5,203
0.30,paterson,dominant,-0.45,236
0.30,paterson,dominant,-0.4,280
0.30,paterson,dominant,-0.35,399
0.30,paterson,dominant,-0.3,560
0.30,paterson,dominant,-0.25,664
0.30,paterson,dominant,-0.2,957
0.30,paterson,dominant,-0.15,1320
0.30,paterson,dominant,-0.1,1841
0.30,paterson,dominant,-0.05,2263
0.30,paterson,dominant,0,2979
0.30,paterson,dominant,0.05,2809
0.30,paterson,dominant,0.1,2297
0.30,paterson,dominant,0.15,1736
0.30,paterson,dominant,0.2,1344
0.30,paterson,dominant,0.25,1018
0.30,paterson,dominant,0.3,714
0.30,paterson,dominant,0.35,615
0.30,paterson,dominant,0.4,467
0.30,paterson,dominant,0.45,399
0.30,paterson,dominant,0.5,320
0.30,paterson,dominant,0.55,273
0.30,paterson,dominant,0.6,232
0.30,paterson,dominant,0.65,174
0.30,paterson,dominant,0.7,165
0.30,paterson,dominant,0.75,132
0.30,paterson,dominant,0.8,114
0.30,paterson,dominant,0.85,90
0.30,paterson,dominant,0.9,89
0.30,paterson,dominant,0.95,767
0.30,paterson,local,-1,41
0.30,paterson,local,-0.95,6
0.30,paterson,local,-0.9,8
0.30,paterson,local,-0.85,15
0.30,paterson,local,-0.8,12
0.30,paterson,local,-0.75,19
0.30,paterson,local,-0.7,20
0.30,paterson,local,-0.65,28
0.30,paterson,local,-0.6,48
0.30,paterson,local,-0.55,54
0.30,paterson,local,-0.5,81
0.30,paterson,local,-0.45,95
0.30,paterson,local,-0.4,174
0.30,paterson,local,-0.35,203
0.30,paterson,local,-0.3,285
0.30,paterson,local,-0.25,478
0.30,paterson,local,-0.2,721
0.30,paterson,local,-0.15,1251
0.30,paterson,local,-0.1,2052
0.30,paterson,local,-0.05,2956
0.30,paterson,local,0,4970
0.30,paterson,local,0.05,4189
0.30,paterson,local,0.1,2857
0.30,paterson,local,0.15,1876
0.30,paterson,local,0.2,1239
0.30,paterson,local,0.25,800
0.30,paterson,local,0.3,539
0.30,paterson,local,0.35,402
0.30,paterson,local,0.4,291
0.30,paterson,local,0.45,222
0.30,paterson,local,0.5,139
0.30,paterson,local,0.55,102
0.30,paterson,local,0.6,84
0.30,paterson,local,0.65,79
0.30,paterson,local,0.7,64
0.30,paterson,local,0.75,45
0.30,paterson,local,0.8,47
0.30,paterson,local,0.85,25
0.30,paterson,local,0.9,27
0.30,paterson,local,0.95,169
0.30,paterson,local_level,-1,9
0.30,paterson,local_level,-0.95,2
0.30,paterson,local_level,-0.85,2
0.30,paterson,local_level,-0.8,1
0.30,paterson,local_level,-0.75,1
0.30,paterson,local_level,-0.65,1
0.30,paterson,local_level,-0.6,2
0.30,paterson,local_level,-0.55,2
0.30,paterson,local_level,-0.5,3
0.30,paterson,local_level,-0.45,4
0.30,paterson,local_level,-0.4,5
0.30,paterson,local_level,-0.35,7
0.30,paterson,local_level,-0.3,7
0.30,paterson,local_level,-0.25,9
0.30,paterson,local_level,-0.2,15
0.30,paterson,local_level,-0.15,40
0.30,paterson,local_level,-0.1,80
0.30,paterson,local_level,-0.05,136
0.30,paterson,local_level,0,738
0.30,paterson,local_level,0.05,736
0.30,paterson,local_level,0.1,634
0.30,paterson,local_level,0.15,534
0.30,paterson,local_level,0.2,410
0.30,paterson,local_level,0.25,295
0.30,paterson,local_level,0.3,200
0.30,paterson,local_level,0.35,161
0.30,paterson,local_level,0.4,108
0.30,paterson,local_level,0.45,89
0.30,paterson,local_level,0.5,54
0.30,paterson,local_level,0.55,38
0.30,paterson,local_level,0.6,34
0.30,paterson,local_level,0.65,25
0.30,paterson,local_level,0.7,23
0.30,paterson,local_level,0.75,15
0.30,paterson,local_level,0.8,20
0.30,paterson,local_level,0.85,10
0.30,paterson,local_level,0.9,10
0.30,paterson,local_level,0.95,64
0.30,paterson,local_nonlevel,-1,32
0.30,paterson,local_nonlevel,-0.95,4
0.30,paterson,local_nonlevel,-0.9,8
0.30,paterson,local_nonlevel,-0.85,13
0.30,paterson,local_nonlevel,-0.8,11
0.30,paterson,local_nonlevel,-0.75,18
0.30,paterson,local_nonlevel,-0.7,20
0.30,paterson,local_nonlevel,-0.65,27
0.30,paterson,local_nonlevel,-0.6,46
0.30,paterson,local_nonlevel,-0.55,52
0.30,paterson,local_nonlevel,-0.5,78
0.30,paterson,local_nonlevel,-0.45,91
0.30,paterson,local_nonlevel,-0.4,169
0.30,paterson,local_nonlevel,-0.35,196
0.30,paterson,local_nonlevel,-0.3,278
0.30,paterson,local_nonlevel,-0.25,469
0.30,paterson,local_nonlevel,-0.2,706
0.30,paterson,local_nonlevel,-0.15,1211
0.30,paterson,local_nonlevel,-0.1,1972
0.30,paterson,local_nonlevel,-0.05,2820
0.30,paterson,local_nonlevel,0,4232
0.30,paterson,local_nonlevel,0.05,3453
0.30,paterson,local_nonlevel,0.1,2223
0.30,paterson,local_nonlevel,0.15,1342
0.30,paterson,local_nonlevel,0.2,829
0.30,paterson,local_nonlevel,0.25,505
0.30,paterson,local_nonlevel,0.3,339
0.30,paterson,local_nonlevel,0.35,241
0.30,paterson,local_nonlevel,0.4,183
0.30,paterson,local_nonlevel,0.45,133
0.30,paterson,local_nonlevel,0.5,85
0.30,paterson,local_nonlevel,0.55,64
0.30,paterson,local_nonlevel,0.6,50
0.30,paterson,local_nonlevel,0.65,54
0.30,paterson,local_nonlevel,0.7,41
0.30,paterson,local_nonlevel,0.75,30
0.30,paterson,local_nonlevel,0.8,27
0.30,paterson,local_nonlevel,0.85,15
0.30,paterson,local_nonlevel,0.9,17
0.30,paterson,local_nonlevel,0.95,105
0.30,pooled,dominant,-1,1060
0.30,pooled,dominant,-0.95,118
0.30,pooled,dominant,-0.9,119
0.30,pooled,dominant,-0.85,144
0.30,pooled,dominant,-0.8,150
0.30,pooled,dominant,-0.75,208
0.30,pooled,dominant,-0.7,249
0.30,pooled,dominant,-0.65,320
0.30,pooled,dominant,-0.6,389
0.30,pooled,dominant,-0.55,458
0.30,pooled,dominant,-0.5,560
0.30,pooled,dominant,-0.45,707
0.30,pooled,dominant,-0.4,873
0.30,pooled,dominant,-0.35,1224
0.30,pooled,dominant,-0.3,1645
0.30,pooled,dominant,-0.25,2203
0.30,pooled,dominant,-0.2,3240
0.30,pooled,dominant,-0.15,4604
0.30,pooled,dominant,-0.1,6458
0.30,pooled,dominant,-0.05,8410
0.30,pooled,dominant,0,11424
0.30,pooled,dominant,0.05,10504
0.30,pooled,dominant,0.1,8396
0.30,pooled,dominant,0.15,6336
0.30,pooled,dominant,0.2,4953
0.30,pooled,dominant,0.25,3591
0.30,pooled,dominant,0.3,2657
0.30,pooled,dominant,0.35,1996
0.30,pooled,dominant,0.4,1556
0.30,pooled,dominant,0.45,1263
0.30,pooled,dominant,0.5,946
0.30,pooled,dominant,0.55,761
0.30,pooled,dominant,0.6,669
0.30,pooled,dominant,0.65,482
0.30,pooled,dominant,0.7,441
0.30,pooled,dominant,0.75,330
0.30,pooled,dominant,0.8,327
0.30,pooled,dominant,0.85,230
0.30,pooled,dominant,0.9,221
0.30,pooled,dominant,0.95,1631
0.30,pooled,local,-1,90
0.30,pooled,local,-0.95,14
0.30,pooled,local,-0.9,17
0.30,pooled,local,-0.85,32
0.30,pooled,local,-0.8,34
0.30,pooled,local,-0.75,45
0.30,pooled,local,-0.7,54
0.30,pooled,local,-0.65,89
0.30,pooled,local,-0.6,123
0.30,pooled,local,-0.55,156
0.30,pooled,local,-0.5,204
0.30,pooled,local,-0.45,278
0.30,pooled,local,-0.4,458
0.30,pooled,local,-0.35,616
0.30,pooled,local,-0.3,896
0.30,pooled,local,-0.25,1413
0.30,pooled,local,-0.2,2395
0.30,pooled,local,-0.15,4180
0.30,pooled,local,-0.1,6971
0.30,pooled,local,-0.05,10497
0.30,pooled,local,0,17590
0.30,pooled,local,0.05,14459
0.30,pooled,local,0.1,9835
0.30,pooled,local,0.15,6450
0.30,pooled,local,0.2,4281
0.30,pooled,local,0.25,2843
0.30,pooled,local,0.3,2037
0.30,pooled,local,0.35,1473
0.30,pooled,local,0.4,999
0.30,pooled,local,0.45,750
0.30,pooled,local,0.5,466
0.30,pooled,local,0.55,379
0.30,pooled,local,0.6,292
0.30,pooled,local,0.65,231
0.30,pooled,local,0.7,174
0.30,pooled,local,0.75,138
0.30,pooled,local,0.8,119
0.30,pooled,local,0.85,86
0.30,pooled,local,0.9,70
0.30,pooled,local,0.95,441
0.30,pooled,local_level,-1,16
0.30,pooled,local_level,-0.95,2
0.30,pooled,local_level,-0.85,3
0.30,pooled,local_level,-0.8,1
0.30,pooled,local_level,-0.75,5
0.30,pooled,local_level,-0.65,4
0.30,pooled,local_level,-0.6,2
0.30,pooled,local_level,-0.55,7
0.30,pooled,local_level,-0.5,11
0.30,pooled,local_level,-0.45,9
0.30,pooled,local_level,-0.4,13
0.30,pooled,local_level,-0.35,25
0.30,pooled,local_level,-0.3,19
0.30,pooled,local_level,-0.25,21
0.30,pooled,local_level,-0.2,51
0.30,pooled,local_level,-0.15,125
0.30,pooled,local_level,-0.1,251
0.30,pooled,local_level,-0.05,504
0.30,pooled,local_level,0,3357
0.30,pooled,local_level,0.05,3082
0.30,pooled,local_level,0.1,2570
0.30,pooled,local_level,0.15,2138
0.30,pooled,local_level,0.2,1644
0.30,pooled,local_level,0.25,1226
0.30,pooled,local_level,0.3,920
0.30,pooled,local_level,0.35,713
0.30,pooled,local_level,0.4,491
0.30,pooled,local_level,0.45,376
0.30,pooled,local_level,0.5,250
0.30,pooled,local_level,0.55,207
0.30,pooled,local_level,0.6,147
0.30,pooled,local_level,0.65,100
0.30,pooled,local_level,0.7,79
0.30,pooled,local_level,0.75,66
0.30,pooled,local_level,0.8,61
0.30,pooled,local_level,0.85,43
0.30,pooled,local_level,0.9,40
0.30,pooled,local_level,0.95,223
0.30,pooled,local_nonlevel,-1,74
0.30,pooled,local_nonlevel,-0.95,12
0.30,pooled,local_nonlevel,-0.9,17
0.30,pooled,local_nonlevel,-0.85,29
0.30,pooled,local_nonlevel,-0.8,33
0.30,pooled,local_nonlevel,-0.75,40
0.30,pooled,local_nonlevel,-0.7,54
0.30,pooled,local_nonlevel,-0.65,85
0.30,pooled,local_nonlevel,-0.6,121
0.30,pooled,local_nonlevel,-0.55,149
0.30,pooled,local_nonlevel,-0.5,193
0.30,pooled,local_nonlevel,-0.45,269
0.30,pooled,local_nonlevel,-0.4,445
0.30,pooled,local_nonlevel,-0.35,591
0.30,pooled,local_nonlevel,-0.3,877
0.30,pooled,local_nonlevel,-0.25,1392
0.30,pooled,local_nonlevel,-0.2,2344
0.30,pooled,local_nonlevel,-0.15,4055
0.30,pooled,local_nonlevel,-0.1,6720
0.30,pooled,local_nonlevel,-0.05,9993
0.30,pooled,local_nonlevel,0,14233
0.30,pooled,local_nonlevel,0.05,11377
0.30,pooled,local_nonlevel,0.1,7265
0.30,pooled,local_nonlevel,0.15,4312
0.30,pooled,local_nonlevel,0.2,2637
0.30,pooled,local_nonlevel,0.25,1617
0.30,pooled,local_nonlevel,0.3,1117
0.30,pooled,local_nonlevel,0.35,760
0.30,pooled,local_nonlevel,0.4,508
0.30,pooled,local_nonlevel,0.45,374
0.30,pooled,local_nonlevel,0.5,216
0.30,pooled,local_nonlevel,0.55,172
0.30,pooled,local_nonlevel,0.6,145
0.30,pooled,local_nonlevel,0.65,131
0.30,pooled,local_nonlevel,0.7,95
0.30,pooled,local_nonlevel,0.75,72
0.30,pooled,local_nonlevel,0.8,58
0.30,pooled,local_nonlevel,0.85,43
0.30,pooled,local_nonlevel,0.9,30
0.30,pooled,local_nonlevel,0.95,218
0.30,sao_paulo,dominant,-1,342
0.30,sao_paulo,dominant,-0.95,37
0.30,sao_paulo,dominant,-0.9,43
0.30,sao_paulo,dominant,-0.85,43
0.30,sao_paulo,dominant,-0.8,47
0.30,sao_paulo,dominant,-0.75,58
0.30,sao_paulo,dominant,-0.7,67
0.30,sao_paulo,dominant,-0.65,75
0.30,sao_paulo,dominant,-0.6,97
0.30,sao_paulo,dominant,-0.55,107
0.30,sao_paulo,dominant,-0.5,126
0.30,sao_paulo,dominant,-0.45,157
0.30,sao_paulo,dominant,-0.4,175
0.30,sao_paulo,dominant,-0.35,242
0.30,sao_paulo,dominant,-0.3,299
0.30,sao_paulo,dominant,-0.25,378
0.30,sao_paulo,dominant,-0.2,498
0.30,sao_paulo,dominant,-0.15,690
0.30,sao_paulo,dominant,-0.1,877
0.30,sao_paulo,dominant,-0.05,1130
0.30,sao_paulo,dominant,0,1490
0.30,sao_paulo,dominant,0.05,1333
0.30,sao_paulo,dominant,0.1,1169
0.30,sao_paulo,dominant,0.15,899
0.30,sao_paulo,dominant,0.2,828
0.30,sao_paulo,dominant,0.25,599
0.30,sao_paulo,dominant,0.3,484
0.30,sao_paulo,dominant,0.35,362
0.30,sao_paulo,dominant,0.4,321
0.30,sao_paulo,dominant,0.45,273
0.30,sao_paulo,dominant,0.5,193
0.30,sao_paulo,dominant,0.55,194
0.30,sao_paulo,dominant,0.6,170
0.30,sao_paulo,dominant,0.65,120
0.30,sao_paulo,dominant,0.7,123
0.30,sao_paulo,dominant,0.75,81
0.30,sao_paulo,dominant,0.8,87
0.30,sao_paulo,dominant,0.85,64
0.30,sao_paulo,dominant,0.9,69
0.30,sao_paulo,dominant,0.95,465
0.30,sao_paulo,local,-1,25
0.30,sao_paulo,local,-0.95,5
0.30,sao_paulo,local,-0.9,4
0.30,sao_paulo,local,-0.85,9
0.30,sao_paulo,local,-0.8,6
0.30,sao_paulo,local,-0.75,9
0.30,sao_paulo,local,-0.7,19
0.30,sao_paulo,local,-0.65,20
0.30,sao_paulo,local,-0.6,34
0.30,sao_paulo,local,-0.55,47
0.30,sao_paulo,local,-0.5,48
0.30,sao_paulo,local,-0.45,63
0.30,sao_paulo,local,-0.4,88
0.30,sao_paulo,local,-0.35,117
0.30,sao_paulo,local,-0.3,188
0.30,sao_paulo,local,-0.25,247
0.30,sao_paulo,local,-0.2,406
0.30,sao_paulo,local,-0.15,616
0.30,sao_paulo,local,-0.1,1025
0.30,sao_paulo,local,-0.05,1473
0.30,sao_paulo,local,0,2436
0.30,sao_paulo,local,0.05,2027
0.30,sao_paulo,local,0.1,1491
0.30,sao_paulo,local,0.15,995
0.30,sao_paulo,local,0.2,794
0.30,sao_paulo,local,0.25,584
0.30,sao_paulo,local,0.3,458
0.30,sao_paulo,local,0.35,360
0.30,sao_paulo,local,0.4,240
0.30,sao_paulo,local,0.45,199
0.30,sao_paulo,local,0.5,117
0.30,sao_paulo,local,0.55,127
0.30,sao_paulo,local,0.6,95
0.30,sao_paulo,local,0.65,65
0.30,sao_paulo,local,0.7,54
0.30,sao_paulo,local,0.75,52
0.30,sao_paulo,local,0.8,34
0.30,sao_paulo,local,0.85,26
0.30,sao_paulo,local,0.9,22
0.30,sao_paulo,local,0.95,160
0.30,sao_paulo,local_level,-1,2
0.30,sao_paulo,local_level,-0.55,3
0.30,sao_paulo,local_level,-0.5,4
0.30,sao_paulo,local_level,-0.45,1
0.30,sao_paulo,local_level,-0.4,2
0.30,sao_paulo,local_level,-0.35,7
0.30,sao_paulo,local_level,-0.3,2
0.30,sao_paulo,local_level,-0.25,1
0.30,sao_paulo,local_level,-0.2,13
0.30,sao_paulo,local_level,-0.15,14
0.30,sao_paulo,local_level,-0.1,35
0.30,sao_paulo,local_level,-0.05,81
0.30,sao_paulo,local_level,0,549
0.30,sao_paulo,local_level,0.05,532
0.30,sao_paulo,local_level,0.1,438
0.30,sao_paulo,local_level,0.15,390
0.30,sao_paulo,local_level,0.2,371
0.30,sao_paulo,local_level,0.25,305
0.30,sao_paulo,local_level,0.3,237
0.30,sao_paulo,local_level,0.35,216
0.30,sao_paulo,local_level,0.4,143
0.30,sao_paulo,local_level,0.45,122
0.30,sao_paulo,local_level,0.5,75
0.30,sao_paulo,local_level,0.55,87
0.30,sao_paulo,local_level,0.6,60
0.30,sao_paulo,local_level,0.65,34
0.30,sao_paulo,local_level,0.7,26
0.30,sao_paulo,local_level,0.75,33
0.30,sao_paulo,local_level,0.8,26
0.30,sao_paulo,local_level,0.85,21
0.30,sao_paulo,local_level,0.9,19
0.30,sao_paulo,local_level,0.95,112
0.30,sao_paulo,local_nonlevel,-1,23
0.30,sao_paulo,local_nonlevel,-0.95,5
0.30,sao_paulo,local_nonlevel,-0.9,4
0.30,sao_paulo,local_nonlevel,-0.85,9
0.30,sao_paulo,local_nonlevel,-0.8,6
0.30,sao_paulo,local_nonlevel,-0.75,9
0.30,sao_paulo,local_nonlevel,-0.7,19
0.30,sao_paulo,local_nonlevel,-0.65,20
0.30,sao_paulo,local_nonlevel,-0.6,34
0.30,sao_paulo,local_nonlevel,-0.55,44
0.30,sao_paulo,local_nonlevel,-0.5,44
0.30,sao_paulo,local_nonlevel,-0.45,62
0.30,sao_paulo,local_nonlevel,-0.4,86
0.30,sao_paulo,local_nonlevel,-0.35,110
0.30,sao_paulo,local_nonlevel,-0.3,186
0.30,sao_paulo,local_nonlevel,-0.25,246
0.30,sao_paulo,local_nonlevel,-0.2,393
0.30,sao_paulo,local_nonlevel,-0.15,602
0.30,sao_paulo,local_nonlevel,-0.1,990
0.30,sao_paulo,local_nonlevel,-0.05,1392
0.30,sao_paulo,local_nonlevel,0,1887
0.30,sao_paulo,local_nonlevel,0.05,1495
0.30,sao_paulo,local_nonlevel,0.1,1053
0.30,sao_paulo,local_nonlevel,0.15,605
0.30,sao_paulo,local_nonlevel,0.2,423
0.30,sao_paulo,local_nonlevel,0.25,279
0.30,sao_paulo,local_nonlevel,0.3,221
0.30,sao_paulo,local_nonlevel,0.35,144
0.30,sao_paulo,local_nonlevel,0.4,97
0.30,sao_paulo,local_nonlevel,0.45,77
0.30,sao_paulo,local_nonlevel,0.5,42
0.30,sao_paulo,local_nonlevel,0.55,40
0.30,sao_paulo,local_nonlevel,0.6,35
0.30,sao_paulo,local_nonlevel,0.65,31
0.30,sao_paulo,local_nonlevel,0.7,28
0.30,sao_paulo,local_nonlevel,0.75,19
0.30,sao_paulo,local_nonlevel,0.8,8
0.30,sao_paulo,local_nonlevel,0.85,5
0.30,sao_paulo,local_nonlevel,0.9,3
0.30,sao_paulo,local_nonlevel,0.95,48
0.55,bend,dominant,-1,153
0.55,bend,dominant,-0.95,18
0.55,bend,dominant,-0.9,28
0.55,bend,dominant,-0.85,33
0.55,bend,dominant,-0.8,33
0.55,bend,dominant,-0.75,34
0.55,bend,dominant,-0.7,44
0.55,bend,dominant,-0.65,77
0.55,bend,dominant,-0.6,93
0.55,bend,dominant,-0.55,109
0.55,bend,dominant,-0.5,165
0.55,bend,dominant,-0.45,224
0.55,bend,dominant,-0.4,302
0.55,bend,dominant,-0.35,385
0.55,bend,dominant,-0.3,583
0.55,bend,dominant,-0.25,825
0.55,bend,dominant,-0.2,1250
0.55,bend,dominant,-0.15,1841
0.55,bend,dominant,-0.1,2583
0.55,bend,dominant,-0.05,3317
0.55,bend,dominant,0,4705
0.55,bend,dominant,0.05,4473
0.55,bend,dominant,0.1,3609
0.55,bend,dominant,0.15,2797
0.55,bend,dominant,0.2,2190
0.55,bend,dominant,0.25,1562
0.55,bend,dominant,0.3,1173
0.55,bend,dominant,0.35,824
0.55,bend,dominant,0.4,608
0.55,bend,dominant,0.45,495
0.55,bend,dominant,0.5,344
0.55,bend,dominant,0.55,229
0.55,bend,dominant,0.6,220
0.55,bend,dominant,0.65,141
0.55,bend,dominant,0.7,125
0.55,bend,dominant,0.75,89
0.55,bend,dominant,0.8,97
0.55,bend,dominant,0.85,57
0.55,bend,dominant,0.9,48
0.55,bend,dominant,0.95,333
0.55,bend,local,-1,12
0.55,bend,local,-0.95,2
0.55,bend,local,-0.9,4
0.55,bend,local,-0.85,6
0.55,bend,local,-0.8,13
0.55,bend,local,-0.75,6
0.55,bend,local,-0.7,11
0.55,bend,local,-0.65,27
0.55,bend,local,-0.6,30
0.55,bend,local,-0.55,33
0.55,bend,local,-0.5,49
0.55,bend,local,-0.45,88
0.55,bend,local,-0.4,131
0.55,bend,local,-0.35,195
0.55,bend,local,-0.3,294
0.55,bend,local,-0.25,476
0.55,bend,local,-0.2,869
0.55,bend,local,-0.15,1623
0.55,bend,local,-0.1,2679
0.55,bend,local,-0.05,3976
0.55,bend,local,0,7209
0.55,bend,local,0.05,6000
0.55,bend,local,0.1,4090
0.55,bend,local,0.15,2777
0.55,bend,local,0.2,1771
0.55,bend,local,0.25,1131
0.55,bend,local,0.3,805
0.55,bend,local,0.35,566
0.55,bend,local,0.4,365
0.55,bend,local,0.45,261
0.55,bend,local,0.5,153
0.55,bend,local,0.55,109
0.55,bend,local,0.6,88
0.55,bend,local,0.65,56
0.55,bend,local,0.7,42
0.55,bend,local,0.75,32
0.55,bend,local,0.8,28
0.55,bend,local,0.85,23
0.55,bend,local,0.9,13
0.55,bend,local,0.95,84
0.55,bend,local_level,-1,1
0.55,bend,local_level,-0.85,1
0.55,bend,local_level,-0.75,1
0.55,bend,local_level,-0.65,3
0.55,bend,local_level,-0.55,2
0.55,bend,local_level,-0.5,2
0.55,bend,local_level,-0.45,4
0.55,bend,local_level,-0.4,6
0.55,bend,local_level,-0.35,7
0.55,bend,local_level,-0.3,9
0.55,bend,local_level,-0.25,10
0.55,bend,local_level,-0.2,22
0.55,bend,local_level,-0.15,64
0.55,bend,local_level,-0.1,121
0.55,bend,local_level,-0.05,262
0.55,bend,local_level,0,1846
0.55,bend,local_level,0.05,1579
0.55,bend,local_level,0.1,1292
0.55,bend,local_level,0.15,1042
0.55,bend,local_level,0.2,757
0.55,bend,local_level,0.25,533
0.55,bend,local_level,0.3,401
0.55,bend,local_level,0.35,283
0.55,bend,local_level,0.4,190
0.55,bend,local_level,0.45,134
0.55,bend,local_level,0.5,91
0.55,bend,local_level,0.55,61
0.55,bend,local_level,0.6,42
0.55,bend,local_level,0.65,24
0.55,bend,local_level,0.7,24
0.55,bend,local_level,0.75,14
0.55,bend,local_level,0.8,13
0.55,bend,local_level,0.85,9
0.55,bend,local_level,0.9,8
0.55,bend,local_level,0.95,37
0.55,bend,local_nonlevel,-1,11
0.55,bend,local_nonlevel,-0.95,2
0.55,bend,local_nonlevel,-0.9,4
0.55,bend,local_nonlevel,-0.85,5
0.55,bend,local_nonlevel,-0.8,13
0.55,bend,local_nonlevel,-0.75,5
0.55,bend,local_nonlevel,-0.7,11
0.55,bend,local_nonlevel,-0.65,24
0.55,bend,local_nonlevel,-0.6,30
0.55,bend,local_nonlevel,-0.55,31
0.55,bend,local_nonlevel,-0.5,47
0.55,bend,local_nonlevel,-0.45,84
0.55,bend,local_nonlevel,-0.4,125
0.55,bend,local_nonlevel,-0.35,188
0.55,bend,local_nonlevel,-0.3,285
0.55,bend,local_nonlevel,-0.25,466
0.55,bend,local_nonlevel,-0.2,847
0.55,bend,local_nonlevel,-0.15,1559
0.55,bend,local_nonlevel,-0.1,2558
0.55,bend,local_nonlevel,-0.05,3714
0.55,bend,local_nonlevel,0,5363
0.55,bend,local_nonlevel,0.05,4421
0.55,bend,local_nonlevel,0.1,2798
0.55,bend,local_nonlevel,0.15,1735
0.55,bend,local_nonlevel,0.2,1014
0.55,bend,local_nonlevel,0.25,598
0.55,bend,local_nonlevel,0.3,404
0.55,bend,local_nonlevel,0.35,283
0.55,bend,local_nonlevel,0.4,175
0.55,bend,local_nonlevel,0.45,127
0.55,bend,local_nonlevel,0.5,62
0.55,bend,local_nonlevel,0.55,48
0.55,bend,local_nonlevel,0.6,46
0.55,bend,local_nonlevel,0.65,32
0.55,bend,local_nonlevel,0.7,18
0.55,bend,local_nonlevel,0.75,18
0.55,bend,local_nonlevel,0.8,15
0.55,bend,local_nonlevel,0.85,14
0.55,bend,local_nonlevel,0.9,5
0.55,bend,local_nonlevel,0.95,47
0.55,gainesville,dominant,-1,28
0.55,gainesville,dominant,-0.95,10
0.55,gainesville,dominant,-0.9,3
0.55,gainesville,dominant,-0.85,5
0.55,gainesville,dominant,-0.8,13
0.55,gainesville,dominant,-0.75,17
0.55,gainesville,dominant,-0.7,18
0.55,gainesville,dominant,-0.65,25
0.55,gainesville,dominant,-0.6,33
0.55,gainesville,dominant,-0.55,39
0.55,gainesville,dominant,-0.5,35
0.55,gainesville,dominant,-0.45,49
0.55,gainesville,dominant,-0.4,50
0.55,gainesville,dominant,-0.35,117
0.55,gainesville,dominant,-0.3,101
0.55,gainesville,dominant,-0.25,197
0.55,gainesville,dominant,-0.2,324
0.55,gainesville,dominant,-0.15,471
0.55,gainesville,dominant,-0.1,722
0.55,gainesville,dominant,-0.05,1066
0.55,gainesville,dominant,0,1480
0.55,gainesville,dominant,0.05,1254
0.55,gainesville,dominant,0.1,909
0.55,gainesville,dominant,0.15,612
0.55,gainesville,dominant,0.2,385
0.55,gainesville,dominant,0.25,266
0.55,gainesville,dominant,0.3,181
0.55,gainesville,dominant,0.35,120
0.55,gainesville,dominant,0.4,95
0.55,gainesville,dominant,0.45,55
0.55,gainesville,dominant,0.5,49
0.55,gainesville,dominant,0.55,35
0.55,gainesville,dominant,0.6,28
0.55,gainesville,dominant,0.65,18
0.55,gainesville,dominant,0.7,19
0.55,gainesville,dominant,0.75,10
0.55,gainesville,dominant,0.8,15
0.55,gainesville,dominant,0.85,9
0.55,gainesville,dominant,0.9,8
0.55,gainesville,dominant,0.95,36
0.55,gainesville,local,-1,4
0.55,gainesville,local,-0.85,2
0.55,gainesville,local,-0.8,1
0.55,gainesville,local,-0.75,4
0.55,gainesville,local,-0.7,2
0.55,gainesville,local,-0.65,8
0.55,gainesville,local,-0.6,6
0.55,gainesville,local,-0.55,11
0.55,gainesville,local,-0.5,12
0.55,gainesville,local,-0.45,21
0.55,gainesville,local,-0.4,29
0.55,gainesville,local,-0.35,58
0.55,gainesville,local,-0.3,76
0.55,gainesville,local,-0.25,125
0.55,gainesville,local,-0.2,247
0.55,gainesville,local,-0.15,438
0.55,gainesville,local,-0.1,744
0.55,gainesville,local,-0.05,1323
0.55,gainesville,local,0,1923
0.55,gainesville,local,0.05,1482
0.55,gainesville,local,0.1,942
0.55,gainesville,local,0.15,503
0.55,gainesville,local,0.2,296
0.55,gainesville,local,0.25,210
0.55,gainesville,local,0.3,136
0.55,gainesville,local,0.35,81
0.55,gainesville,local,0.4,61
0.55,gainesville,local,0.45,27
0.55,gainesville,local,0.5,28
0.55,gainesville,local,0.55,24
0.55,gainesville,local,0.6,13
0.55,gainesville,local,0.65,8
0.55,gainesville,local,0.7,10
0.55,gainesville,local,0.75,3
0.55,gainesville,local,0.8,5
0.55,gainesville,local,0.85,8
0.55,gainesville,local,0.9,6
0.55,gainesville,local,0.95,12
0.55,gainesville,local_level,-1,3
0.55,gainesville,local_level,-0.75,2
0.55,gainesville,local_level,-0.5,1
0.55,gainesville,local_level,-0.35,2
0.55,gainesville,local_level,-0.3,1
0.55,gainesville,local_level,-0.15,4
0.55,gainesville,local_level,-0.1,6
0.55,gainesville,local_level,-0.05,15
0.55,gainesville,local_level,0,136
0.55,gainesville,local_level,0.05,140
0.55,gainesville,local_level,0.1,131
0.55,gainesville,local_level,0.15,107
0.55,gainesville,local_level,0.2,68
0.55,gainesville,local_level,0.25,58
0.55,gainesville,local_level,0.3,45
0.55,gainesville,local_level,0.35,31
0.55,gainesville,local_level,0.4,29
0.55,gainesville,local_level,0.45,9
0.55,gainesville,local_level,0.5,11
0.55,gainesville,local_level,0.55,10
0.55,gainesville,local_level,0.6,8
0.55,gainesville,local_level,0.65,3
0.55,gainesville,local_level,0.7,3
0.55,gainesville,local_level,0.75,1
0.55,gainesville,local_level,0.85,2
0.55,gainesville,local_level,0.9,2
0.55,gainesville,local_level,0.95,5
0.55,gainesville,local_nonlevel,-1,1
0.55,gainesville,local_nonlevel,-0.85,2
0.55,gainesville,local_nonlevel,-0.8,1
0.55,gainesville,local_nonlevel,-0.75,2
0.55,gainesville,local_nonlevel,-0.7,2
0.55,gainesville,local_nonlevel,-0.65,8
0.55,gainesville,local_nonlevel,-0.6,6
0.55,gainesville,local_nonlevel,-0.55,11
0.55,gainesville,local_nonlevel,-0.5,11
0.55,gainesville,local_nonlevel,-0.45,21
0.55,gainesville,local_nonlevel,-0.4,29
0.55,gainesville,local_nonlevel,-0.35,56
0.55,gainesville,local_nonlevel,-0.3,75
0.55,gainesville,local_nonlevel,-0.25,125
0.55,gainesville,local_nonlevel,-0.2,247
0.55,gainesville,local_nonlevel,-0.15,434
0.55,gainesville,local_nonlevel,-0.1,738
0.55,gainesville,local_nonlevel,-0.05,1308
0.55,gainesville,local_nonlevel,0,1787
0.55,gainesville,local_nonlevel,0.05,1342
0.55,gainesville,local_nonlevel,0.1,811
0.55,gainesville,local_nonlevel,0.15,396
0.55,gainesville,local_nonlevel,0.2,228
0.55,gainesville,local_nonlevel,0.25,152
0.55,gainesville,local_nonlevel,0.3,91
0.55,gainesville,local_nonlevel,0.35,50
0.55,gainesville,local_nonlevel,0.4,32
0.55,gainesville,local_nonlevel,0.45,18
0.55,gainesville,local_nonlevel,0.5,17
0.55,gainesville,local_nonlevel,0.55,14
0.55,gainesville,local_nonlevel,0.6,5
0.55,gainesville,local_nonlevel,0.65,5
0.55,gainesville,local_nonlevel,0.7,7
0.55,gainesville,local_nonlevel,0.75,2
0.55,gainesville,local_nonlevel,0.8,5
0.55,gainesville,local_nonlevel,0.85,6
0.55,gainesville,local_nonlevel,0.9,4
0.55,gainesville,local_nonlevel,0.95,7
0.55,paterson,dominant,-1,345
0.55,paterson,dominant,-0.95,29
0.55,paterson,dominant,-0.9,27
0.55,paterson,dominant,-0.85,39
0.55,paterson,dominant,-0.8,31
0.55,paterson,dominant,-0.75,67
0.55,paterson,dominant,-0.7,77
0.55,paterson,dominant,-0.65,88
0.55,paterson,dominant,-0.6,113
0.55,paterson,dominant,-0.55,128
0.55,paterson,dominant,-0.5,156
0.55,paterson,dominant,-0.45,186
0.55,paterson,dominant,-0.4,235
0.55,paterson,dominant,-0.35,320
0.55,paterson,dominant,-0.3,459
0.55,paterson,dominant,-0.25,541
0.55,paterson,dominant,-0.2,796
0.55,paterson,dominant,-0.15,1112
0.55,paterson,dominant,-0.1,1600
0.55,paterson,dominant,-0.05,1966
0.55,paterson,dominant,0,2617
0.55,paterson,dominant,0.05,2448
0.55,paterson,dominant,0.1,1980
0.55,paterson,dominant,0.15,1481
0.55,paterson,dominant,0.2,1129
0.55,paterson,dominant,0.25,841
0.55,paterson,dominant,0.3,581
0.55,paterson,dominant,0.35,500
0.55,paterson,dominant,0.4,379
0.55,paterson,dominant,0.45,320
0.55,paterson,dominant,0.5,242
0.55,paterson,dominant,0.55,223
0.55,paterson,dominant,0.6,189
0.55,paterson,dominant,0.65,139
0.55,paterson,dominant,0.7,136
0.55,paterson,dominant,0.75,105
0.55,paterson,dominant,0.8,92
0.55,paterson,dominant,0.85,71
0.55,paterson,dominant,0.9,75
0.55,paterson,dominant,0.95,592
0.55,paterson,local,-1,23
0.55,paterson,local,-0.95,6
0.55,paterson,local,-0.9,6
0.55,paterson,local,-0.85,9
0.55,paterson,local,-0.8,9
0.55,paterson,local,-0.75,14
0.55,paterson,local,-0.7,16
0.55,paterson,local,-0.65,20
0.55,paterson,local,-0.6,34
0.55,paterson,local,-0.55,39
0.55,paterson,local,-0.5,61
0.55,paterson,local,-0.45,76
0.55,paterson,local,-0.4,142
0.55,paterson,local,-0.35,165
0.55,paterson,local,-0.3,229
0.55,paterson,local,-0.25,371
0.55,paterson,local,-0.2,587
0.55,paterson,local,-0.15,1059
0.55,paterson,local,-0.1,1732
0.55,paterson,local,-0.05,2518
0.55,paterson,local,0,4331
0.55,paterson,local,0.05,3592
0.55,paterson,local,0.1,2409
0.55,paterson,local,0.15,1589
0.55,paterson,local,0.2,1012
0.55,paterson,local,0.25,654
0.55,paterson,local,0.3,442
0.55,paterson,local,0.35,322
0.55,paterson,local,0.4,233
0.55,paterson,local,0.45,166
0.55,paterson,local,0.5,107
0.55,paterson,local,0.55,81
0.55,paterson,local,0.6,60
0.55,paterson,local,0.65,59
0.55,paterson,local,0.7,43
0.55,paterson,local,0.75,30
0.55,paterson,local,0.8,30
0.55,paterson,local,0.85,17
0.55,paterson,local,0.9,15
0.55,paterson,local,0.95,118
0.55,paterson,local_level,-1,7
0.55,paterson,local_level,-0.95,2
0.55,paterson,local_level,-0.85,2
0.55,paterson,local_level,-0.8,1
0.55,paterson,local_level,-0.75,1
0.55,paterson,local_level,-0.65,1
0.55,paterson,local_level,-0.6,1
0.55,paterson,local_level,-0.55,2
0.55,paterson,local_level,-0.5,3
0.55,paterson,local_level,-0.45,2
0.55,paterson,local_level,-0.4,4
0.55,paterson,local_level,-0.35,5
0.55,paterson,local_level,-0.3,4
0.55,paterson,local_level,-0.25,7
0.55,paterson,local_level,-0.2,12
0.55,paterson,local_level,-0.15,32
0.55,paterson,local_level,-0.1,66
0.55,paterson,local_level,-0.05,106
0.55,paterson,local_level,0,638
0.55,paterson,local_level,0.05,631
0.55,paterson,local_level,0.1,530
0.55,paterson,local_level,0.15,466
0.55,paterson,local_level,0.2,345
0.55,paterson,local_level,0.25,236
0.55,paterson,local_level,0.3,163
0.55,paterson,local_level,0.35,132
0.55,paterson,local_level,0.4,86
0.55,paterson,local_level,0.45,66
0.55,paterson,local_level,0.5,42
0.55,paterson,local_level,0.55,31
0.55,paterson,local_level,0.6,20
0.55,paterson,local_level,0.65,21
0.55,paterson,local_level,0.7,14
0.55,paterson,local_level,0.75,8
0.55,paterson,local_level,0.8,12
0.55,paterson,local_level,0.85,5
0.55,paterson,local_level,0.9,6
0.55,paterson,local_level,0.95,42
0.55,paterson,local_nonlevel,-1,16
0.55,paterson,local_nonlevel,-0.95,4
0.55,paterson,local_nonlevel,-0.9,6
0.55,paterson,local_nonlevel,-0.85,7
0.55,paterson,local_nonlevel,-0.8,8
0.55,paterson,local_nonlevel,-0.75,13
0.55,paterson,local_nonlevel,-0.7,16
0.55,paterson,local_nonlevel,-0.65,19
0.55,paterson,local_nonlevel,-0.6,33
0.55,paterson,local_nonlevel,-0.55,37
0.55,paterson,local_nonlevel,-0.5,58
0.55,paterson,local_nonlevel,-0.45,74
0.55,paterson,local_nonlevel,-0.4,138
0.55,paterson,local_nonlevel,-0.35,160
0.55,paterson,local_nonlevel,-0.3,225
0.55,paterson,local_nonlevel,-0.25,364
0.55,paterson,local_nonlevel,-0.2,575
0.55,paterson,local_nonlevel,-0.15,1027
0.55,paterson,local_nonlevel,-0.1,1666
0.55,paterson,local_nonlevel,-0.05,2412
0.55,paterson,local_nonlevel,0,3693
0.55,paterson,local_nonlevel,0.05,2961
0.55,paterson,local_nonlevel,0.1,1879
0.55,paterson,local_nonlevel,0.15,1123
0.55,paterson,local_nonlevel,0.2,667
0.55,paterson,local_nonlevel,0.25,418
0.55,paterson,local_nonlevel,0.3,279
0.55,paterson,local_nonlevel,0.35,190
0.55,paterson,local_nonlevel,0.4,147
0.55,paterson,local_nonlevel,0.45,100
0.55,paterson,local_nonlevel,0.5,65
0.55,paterson,local_nonlevel,0.55,50
0.55,paterson,local_nonlevel,0.6,40
0.55,paterson,local_nonlevel,0.65,38
0.55,paterson,local_nonlevel,0.7,29
0.55,paterson,local_nonlevel,0.75,22
0.55,paterson,local_nonlevel,0.8,18
0.55,paterson,local_nonlevel,0.85,12
0.55,paterson,local_nonlevel,0.9,9
0.55,paterson,local_nonlevel,0.95,76
0.55,pooled,dominant,-1,697
0.55,pooled,dominant,-0.95,81
0.55,pooled,dominant,-0.9,82
0.55,pooled,dominant,-0.85,103
0.55,pooled,dominant,-0.8,102
0.55,pooled,dominant,-0.75,149
0.55,pooled,dominant,-0.7,175
0.55,pooled,dominant,-0.65,228
0.55,pooled,dominant,-0.6,285
0.55,pooled,dominant,-0.55,339
0.55,pooled,dominant,-0.5,430
0.55,pooled,dominant,-0.45,541
0.55,pooled,dominant,-0.4,672
0.55,pooled,dominant,-0.35,964
0.55,pooled,dominant,-0.3,1303
0.55,pooled,dominant,-0.25,1790
0.55,pooled,dominant,-0.2,2665
0.55,pooled,dominant,-0.15,3835
0.55,pooled,dominant,-0.1,5433
0.55,pooled,dominant,-0.05,7028
0.55,pooled,dominant,0,9720
0.55,pooled,dominant,0.05,8978
0.55,pooled,dominant,0.1,7196
0.55,pooled,dominant,0.15,5432
0.55,pooled,dominant,0.2,4192
0.55,pooled,dominant,0.25,3004
0.55,pooled,dominant,0.3,2199
0.55,pooled,dominant,0.35,1638
0.55,pooled,dominant,0.4,1265
0.55,pooled,dominant,0.45,1009
0.55,pooled,dominant,0.5,732
0.55,pooled,dominant,0.55,595
0.55,pooled,dominant,0.6,542
0.55,pooled,dominant,0.65,369
0.55,pooled,dominant,0.7,350
0.55,pooled,dominant,0.75,244
0.55,pooled,dominant,0.8,246
0.55,pooled,dominant,0.85,169
0.55,pooled,dominant,0.9,169
0.55,pooled,dominant,0.95,1206
0.55,pooled,local,-1,50
0.55,pooled,local,-0.95,10
0.55,pooled,local,-0.9,12
0.55,pooled,local,-0.85,22
0.55,pooled,local,-0.8,25
0.55,pooled,local,-0.75,27
0.55,pooled,local,-0.7,39
0.55,pooled,local,-0.65,67
0.55,pooled,local,-0.6,84
0.55,pooled,local,-0.55,104
0.55,pooled,local,-0.5,149
0.55,pooled,local,-0.45,215
0.55,pooled,local,-0.4,357
0.55,pooled,local,-0.35,486
0.55,pooled,local,-0.3,699
0.55,pooled,local,-0.25,1122
0.55,pooled,local,-0.2,1927
0.55,pooled,local,-0.15,3472
0.55,pooled,local,-0.1,5761
0.55,pooled,local,-0.05,8670
0.55,pooled,local,0,14913
0.55,pooled,local,0.05,12258
0.55,pooled,local,0.1,8361
0.55,pooled,local,0.15,5455
0.55,pooled,local,0.2,3561
0.55,pooled,local,0.25,2321
0.55,pooled,local,0.3,1625
0.55,pooled,local,0.35,1157
0.55,pooled,local,0.4,800
0.55,pooled,local,0.45,554
0.55,pooled,local,0.5,347
0.55,pooled,local,0.55,285
0.55,pooled,local,0.6,208
0.55,pooled,local,0.65,164
0.55,pooled,local,0.7,124
0.55,pooled,local,0.75,90
0.55,pooled,local,0.8,77
0.55,pooled,local,0.85,63
0.55,pooled,local,0.9,41
0.55,pooled,local,0.95,301
0.55,pooled,local_level,-1,12
0.55,pooled,local_level,-0.95,2
0.55,pooled,local_level,-0.85,3
0.55,pooled,local_level,-0.8,1
0.55,pooled,local_level,-0.75,4
0.55,pooled,local_level,-0.65,4
0.55,pooled,local_level,-0.6,1
0.55,pooled,local_level,-0.55,5
0.55,pooled,local_level,-0.5,7
0.55,pooled,local_level,-0.45,7
0.55,pooled,local_level,-0.4,12
0.55,pooled,local_level,-0.35,17
0.55,pooled,local_level,-0.3,14
0.55,pooled,local_level,-0.25,18
0.55,pooled,local_level,-0.2,39
0.55,pooled,local_level,-0.15,107
0.55,pooled,local_level,-0.1,210
0.55,pooled,local_level,-0.05,433
0.55,pooled,local_level,0,2946
0.55,pooled,local_level,0.05,2675
0.55,pooled,local_level,0.1,2215
0.55,pooled,local_level,0.15,1857
0.55,pooled,local_level,0.2,1404
0.55,pooled,local_level,0.25,996
0.55,pooled,local_level,0.3,733
0.55,pooled,local_level,0.35,559
0.55,pooled,local_level,0.4,390
0.55,pooled,local_level,0.45,267
0.55,pooled,local_level,0.5,176
0.55,pooled,local_level,0.55,157
0.55,pooled,local_level,0.6,101
0.55,pooled,local_level,0.65,70
0.55,pooled,local_level,0.7,52
0.55,pooled,local_level,0.75,36
0.55,pooled,local_level,0.8,36
0.55,pooled,local_level,0.85,26
0.55,pooled,local_level,0.9,22
0.55,pooled,local_level,0.95,143
0.55,pooled,local_nonlevel,-1,38
0.55,pooled,local_nonlevel,-0.95,8
0.55,pooled,local_nonlevel,-0.9,12
0.55,pooled,local_nonlevel,-0.85,19
0.55,pooled,local_nonlevel,-0.8,24
0.55,pooled,local_nonlevel,-0.75,23
0.55,pooled,local_nonlevel,-0.7,39
0.55,pooled,local_nonlevel,-0.65,63
0.55,pooled,local_nonlevel,-0.6,83
0.55,pooled,local_nonlevel,-0.55,99
0.55,pooled,local_nonlevel,-0.5,142
0.55,pooled,local_nonlevel,-0.45,208
0.55,pooled,local_nonlevel,-0.4,345
0.55,pooled,local_nonlevel,-0.35,469
0.55,pooled,local_nonlevel,-0.3,685
0.55,pooled,local_nonlevel,-0.25,1104
0.55,pooled,local_nonlevel,-0.2,1888
0.55,pooled,local_nonlevel,-0.15,3365
0.55,pooled,local_nonlevel,-0.1,5551
0.55,pooled,local_nonlevel,-0.05,8237
0.55,pooled,local_nonlevel,0,11967
0.55,pooled,local_nonlevel,0.05,9583
0.55,pooled,local_nonlevel,0.1,6146
0.55,pooled,local_nonlevel,0.15,3598
0.55,pooled,local_nonlevel,0.2,2157
0.55,pooled,local_nonlevel,0.25,1325
0.55,pooled,local_nonlevel,0.3,892
0.55,pooled,local_nonlevel,0.35,598
0.55,pooled,local_nonlevel,0.4,410
0.55,pooled,local_nonlevel,0.45,287
0.55,pooled,local_nonlevel,0.5,171
0.55,pooled,local_nonlevel,0.55,128
0.55,pooled,local_nonlevel,0.6,107
0.55,pooled,local_nonlevel,0.65,94
0.55,pooled,local_nonlevel,0.7,72
0.55,pooled,local_nonlevel,0.75,54
0.55,pooled,local_nonlevel,0.8,41
0.55,pooled,local_nonlevel,0.85,37
0.55,pooled,local_nonlevel,0.9,19
0.55,pooled,local_nonlevel,0.95,158
0.55,sao_paulo,dominant,-1,171
0.55,sao_paulo,dominant,-0.95,24
0.55,sao_paulo,dominant,-0.9,24
0.55,sao_paulo,dominant,-0.85,26
0.55,sao_paulo,dominant,-0.8,25
0.55,sao_paulo,dominant,-0.75,31
0.55,sao_paulo,dominant,-0.7,36
0.55,sao_paulo,dominant,-0.65,38
0.55,sao_paulo,dominant,-0.6,46
0.55,sao_paulo,dominant,-0.55,63
0.55,sao_paulo,dominant,-0.5,74
0.55,sao_paulo,dominant,-0.45,82
0.55,sao_paulo,dominant,-0.4,85
0.55,sao_paulo,dominant,-0.35,142
0.55,sao_paulo,dominant,-0.3,160
0.55,sao_paulo,dominant,-0.25,227
0.55,sao_paulo,dominant,-0.2,295
0.55,sao_paulo,dominant,-0.15,411
0.55,sao_paulo,dominant,-0.1,528
0.55,sao_paulo,dominant,-0.05,679
0.55,sao_paulo,dominant,0,918
0.55,sao_paulo,dominant,0.05,803
0.55,sao_paulo,dominant,0.1,698
0.55,sao_paulo,dominant,0.15,542
0.55,sao_paulo,dominant,0.2,488
0.55,sao_paulo,dominant,0.25,335
0.55,sao_paulo,dominant,0.3,264
0.55,sao_paulo,dominant,0.35,194
0.55,sao_paulo,dominant,0.4,183
0.55,sao_paulo,dominant,0.45,139
0.55,sao_paulo,dominant,0.5,97
0.55,sao_paulo,dominant,0.55,108
0.55,sao_paulo,dominant,0.6,105
0.55,sao_paulo,dominant,0.65,71
0.55,sao_paulo,dominant,0.7,70
0.55,sao_paulo,dominant,0.75,40
0.55,sao_paulo,dominant,0.8,42
0.55,sao_paulo,dominant,0.85,32
0.55,sao_paulo,dominant,0.9,38
0.55,sao_paulo,dominant,0.95,245
0.55,sao_paulo,local,-1,11
0.55,sao_paulo,local,-0.95,2
0.55,sao_paulo,local,-0.9,2
0.55,sao_paulo,local,-0.85,5
0.55,sao_paulo,local,-0.8,2
0.55,sao_paulo,local,-0.75,3
0.55,sao_paulo,local,-0.7,10
0.55,sao_paulo,local,-0.65,12
0.55,sao_paulo,local,-0.6,14
0.55,sao_paulo,local,-0.55,21
0.55,sao_paulo,local,-0.5,27
0.55,sao_paulo,local,-0.45,30
0.55,sao_paulo,local,-0.4,55
0.55,sao_paulo,local,-0.35,68
0.55,sao_paulo,local,-0.3,100
0.55,sao_paulo,local,-0.25,150
0.55,sao_paulo,local,-0.2,224
0.55,sao_paulo,local,-0.15,352
0.55,sao_paulo,local,-0.1,606
0.55,sao_paulo,local,-0.05,853
0.55,sao_paulo,local,0,1450
0.55,sao_paulo,local,0.05,1184
0.55,sao_paulo,local,0.1,920
0.55,sao_paulo,local,0.15,586
0.55,sao_paulo,local,0.2,482
0.55,sao_paulo,local,0.25,326
0.55,sao_paulo,local,0.3,242
0.55,sao_paulo,local,0.35,188
0.55,sao_paulo,local,0.4,141
0.55,sao_paulo,local,0.45,100
0.55,sao_paulo,local,0.5,59
0.55,sao_paulo,local,0.55,71
0.55,sao_paulo,local,0.6,47
0.55,sao_paulo,local,0.65,41
0.55,sao_paulo,local,0.7,29
0.55,sao_paulo,local,0.75,25
0.55,sao_paulo,local,0.8,14
0.55,sao_paulo,local,0.85,15
0.55,sao_paulo,local,0.9,7
0.55,sao_paulo,local,0.95,87
0.55,sao_paulo,local_level,-1,1
0.55,sao_paulo,local_level,-0.55,1
0.55,sao_paulo,local_level,-0.5,1
0.55,sao_paulo,local_level,-0.45,1
0.55,sao_paulo,local_level,-0.4,2
0.55,sao_paulo,local_level,-0.35,3
0.55,sao_paulo,local_level,-0.25,1
0.55,sao_paulo,local_level,-0.2,5
0.55,sao_paulo,local_level,-0.15,7
0.55,sao_paulo,local_level,-0.1,17
0.55,sao_paulo,local_level,-0.05,50
0.55,sao_paulo,local_level,0,326
0.55,sao_paulo,local_level,0.05,325
0.55,sao_paulo,local_level,0.1,262
0.55,sao_paulo,local_level,0.15,242
0.55,sao_paulo,local_level,0.2,234
0.55,sao_paulo,local_level,0.25,169
0.55,sao_paulo,local_level,0.3,124
0.55,sao_paulo,local_level,0.35,113
0.55,sao_paulo,local_level,0.4,85
0.55,sao_paulo,local_level,0.45,58
0.55,sao_paulo,local_level,0.5,32
0.55,sao_paulo,local_level,0.55,55
0.55,sao_paulo,local_level,0.6,31
0.55,sao_paulo,local_level,0.65,22
0.55,sao_paulo,local_level,0.7,11
0.55,sao_paulo,local_level,0.75,13
0.55,sao_paulo,local_level,0.8,11
0.55,sao_paulo,local_level,0.85,10
0.55,sao_paulo,local_level,0.9,6
0.55,sao_paulo,local_level,0.95,59
0.55,sao_paulo,local_nonlevel,-1,10
0.55,sao_paulo,local_nonlevel,-0.95,2
0.55,sao_paulo,local_nonlevel,-0.9,2
0.55,sao_paulo,local_nonlevel,-0.85,5
0.55,sao_paulo,local_nonlevel,-0.8,2
0.55,sao_paulo,local_nonlevel,-0.75,3
0.55,sao_paulo,local_nonlevel,-0.7,10
0.55,sao_paulo,local_nonlevel,-0.65,12
0.55,sao_paulo,local_nonlevel,-0.6,14
0.55,sao_paulo,local_nonlevel,-0.55,20
0.55,sao_paulo,local_nonlevel,-0.5,26
0.55,sao_paulo,local_nonlevel,-0.45,29
0.55,sao_paulo,local_nonlevel,-0.4,53
0.55,sao_paulo,local_nonlevel,-0.35,65
0.55,sao_paulo,local_nonlevel,-0.3,100
0.55,sao_paulo,local_nonlevel,-0.25,149
0.55,sao_paulo,local_nonlevel,-0.2,219
0.55,sao_paulo,local_nonlevel,-0.15,345
0.55,sao_paulo,local_nonlevel,-0.1,589
0.55,sao_paulo,local_nonlevel,-0.05,803
0.55,sao_paulo,local_nonlevel,0,1124
0.55,sao_paulo,local_nonlevel,0.05,859
0.55,sao_paulo,local_nonlevel,0.1,658
0.55,sao_paulo,local_nonlevel,0.15,344
0.55,sao_paulo,local_nonlevel,0.2,248
0.55,sao_paulo,local_nonlevel,0.25,157
0.55,sao_paulo,local_nonlevel,0.3,118
0.55,sao_paulo,local_nonlevel,0.35,75
0.55,sao_paulo,local_nonlevel,0.4,56
0.55,sao_paulo,local_nonlevel,0.45,42
0.55,sao_paulo,local_nonlevel,0.5,27
0.55,sao_paulo,local_nonlevel,0.55,16
0.55,sao_paulo,local_nonlevel,0.6,16
0.55,sao_paulo,local_nonlevel,0.65,19
0.55,sao_paulo,local_nonlevel,0.7,18
0.55,sao_paulo,local_nonlevel,0.75,12
0.55,sao_paulo,local_nonlevel,0.8,3
0.55,sao_paulo,local_nonlevel,0.85,5
0.55,sao_paulo,local_nonlevel,0.9,1
0.55,sao_paulo,local_nonlevel,0.95,28
