city,signal,dist_bin_m,vintage,n_pairs,r,rms_diff_over_sqrt2,abs_diff_p50,slope_abs_p50
bend,depth,0-5,all,272,0.17116368684836308,1.1440173872978412,0.7644036618920559,0.5938135387897655
bend,depth,0-5,same,211,0.2564434617900726,1.0612570405447435,0.7111356641851059,0.5954179494415464
bend,depth,0-5,different,61,-0.09709550166511109,1.3928669574781374,0.98142180067766,0.5285368150277832
bend,depth,5-10,all,18890,-0.07740846422706602,1.1913203228474523,0.6646781948919048,0.45477374803055637
bend,depth,5-10,same,17311,-0.0780515865714613,1.168127992123997,0.6391523060323332,0.44121894418867635
bend,depth,5-10,different,1579,-0.07246161836092489,1.4209736986020933,0.973617105939206,0.6575415583089954
bend,depth,10-15,all,47568,-0.032964460101602686,1.127905865366714,0.6454036098157354,0.454025856281441
bend,depth,10-15,same,45543,-0.03286381531758971,1.1169614334412772,0.631146334356074,0.44669794556781467
bend,depth,10-15,different,2025,-0.03461628247957184,1.3508267811649068,1.0596329372273439,0.6981286948495357
bend,depth,15-20,all,21864,0.01026645010653086,1.196880071108961,0.7775711254195724,0.51060471433999
bend,depth,15-20,same,18583,0.018413094862922866,1.165111064394433,0.7424812451631151,0.4888755949326382
bend,depth,15-20,different,3281,-0.024896910352562824,1.3629102743733559,0.9846389158170494,0.6357698697567283
bend,depth,20-30,all,73817,0.005611757429382003,1.171162336924021,0.7419795241656089,0.48877099348890696
bend,depth,20-30,same,65897,0.011504681714301038,1.14133392571925,0.7144378699661916,0.47302870466141417
bend,depth,20-30,different,7920,-0.02849296449784712,1.3948267160556864,0.9909978225701659,0.6327518424022477
bend,depth,30-50,all,156108,0.006020481657153244,1.2096353654004997,0.8001475899278092,0.5168241563675614
bend,depth,30-50,same,133677,0.01000247020483469,1.1831859308332195,0.7714062486612437,0.4987977369194686
bend,depth,30-50,different,22431,-0.012310008186464586,1.3566081260136325,0.9934075824197923,0.6400280641383479
bend,depth,50-80,all,194022,0.006857689813057489,1.2135876584670942,0.8075127708008989,0.5141493345371047
bend,depth,50-80,same,162772,0.007559714095542668,1.1969072228503526,0.7847373564366364,0.49999417091655646
bend,depth,50-80,different,31250,0.004166867564921241,1.2970069854949415,0.927476518874735,0.5966331318946709
bend,depth_well_determined,0-5,all,68,0.12794628953795065,0.6852774084930441,0.5142860539067189,0.4280105434417657
bend,depth_well_determined,0-5,same,48,0.1494682945794706,0.694729392768597,0.48537202397137436,0.580044250073961
bend,depth_well_determined,0-5,different,20,0.03759611712020086,0.6620422950124171,0.5548928464854158,0.376757824505815
bend,depth_well_determined,5-10,all,5755,0.002602181357828046,0.7323750316204276,0.4479167289082067,0.35470816959059465
bend,depth_well_determined,5-10,same,5228,0.00949371432681318,0.7061238873551786,0.41908714580717,0.34368910496189586
bend,depth_well_determined,5-10,different,527,-0.033802968064674956,0.9544559176939829,0.7517583128028025,0.5362165207593286
bend,depth_well_determined,10-15,all,14326,0.01375847030497397,0.7020618981875665,0.44069570694175075,0.36766173561227694
bend,depth_well_determined,10-15,same,13699,0.018380436367067536,0.6856089427532926,0.425100770880182,0.35987894361460265
bend,depth_well_determined,10-15,different,627,-0.037087595642428604,0.995851357446774,0.9143281273500258,0.591065775572066
bend,depth_well_determined,15-20,all,6237,0.012535959029269218,0.8385848492799295,0.6056714622579162,0.42573343297036526
bend,depth_well_determined,15-20,same,5283,0.020199433002321184,0.806123776902287,0.5733257216971919,0.4093841844956938
bend,depth_well_determined,15-20,different,954,-0.016624402735715926,0.9994392230419857,0.8024777356491679,0.5495258087901208
bend,depth_well_determined,20-30,all,21503,0.025384413158266016,0.788256411978746,0.559120826442542,0.40204278342279326
bend,depth_well_determined,20-30,same,19145,0.02249480053001805,0.7550684397083366,0.5344505005024942,0.38741730927220613
bend,depth_well_determined,20-30,different,2358,0.040007172440047145,1.0184353461025117,0.8170129720719985,0.5506151280533461
bend,depth_well_determined,30-50,all,45123,0.018282650683474403,0.8469066078502142,0.6127444508359039,0.42792099776757203
bend,depth_well_determined,30-50,same,38632,0.01914028828058102,0.8182956118540996,0.5843512167524004,0.4079796594402464
bend,depth_well_determined,30-50,different,6491,0.015606005677193387,1.0004022428940524,0.8089032179603354,0.5617170370512243
bend,depth_well_determined,50-80,all,56007,0.01879992741802902,0.8438930860762544,0.6264970665234262,0.42418832847494314
bend,depth_well_determined,50-80,same,46833,0.01861694154768292,0.8216753280289896,0.600903084812501,0.4110739897188676
bend,depth_well_determined,50-80,different,9174,0.020257773203016406,0.9492449512059028,0.7723560722685265,0.4996644848596865
bend,rig_attitude,0-5,all,272,0.4883207493703786,1.1246060501240343,0.6063503784171249,0.8604285320153341
bend,rig_attitude,0-5,same,211,0.5910989224109704,1.0412822825450279,0.5789740612435591,0.8741488103648624
bend,rig_attitude,0-5,different,61,0.015042252925238343,1.3744043704817386,0.6638926586664646,0.8103945526090969
bend,rig_attitude,5-10,all,18890,0.8397453994355014,0.7762742730906222,0.35384882876128854,0.9695779040901125
bend,rig_attitude,5-10,same,17311,0.8625288167608426,0.7318938899992667,0.3260310492256239,0.9754350619418468
bend,rig_attitude,5-10,different,1579,0.41817253521535735,1.1560307275894839,0.8547742891170645,0.9174493197904081
bend,rig_attitude,10-15,all,47568,0.8061875496995101,0.7873820519763824,0.34775246667825815,0.901183510954783
bend,rig_attitude,10-15,same,45543,0.8305919039404618,0.7403787697838105,0.3333975745968569,0.8993601363755
bend,rig_attitude,10-15,different,2025,0.061107331537918586,1.4949912666585603,1.2014098161148477,0.9353791793931048
bend,rig_attitude,15-20,all,21864,0.5728454182724914,1.2081669477845456,0.6773881258507771,0.9557291433426578
bend,rig_attitude,15-20,same,18583,0.6190076316948213,1.1739658141148457,0.6273994047603944,0.9614624410439998
bend,rig_attitude,15-20,different,3281,0.16406079999425488,1.3860404925135212,1.0505858709430087,0.9340759509798052
bend,rig_attitude,20-30,all,73817,0.5745256182450103,1.156604157120725,0.6284370419738999,0.912155911838532
bend,rig_attitude,20-30,same,65897,0.6191140397566816,1.1117453022508743,0.5864519088909269,0.911226054259206
bend,rig_attitude,20-30,different,7920,0.05447168089218856,1.4779623924002956,1.1090293401902225,0.9223674053340298
bend,rig_attitude,30-50,all,156108,0.4019129460841575,1.3375465256878296,0.8641892571754253,0.9008195634269763
bend,rig_attitude,30-50,same,133677,0.4446814444646624,1.316373147537595,0.8220968653500581,0.9044727352140872
bend,rig_attitude,30-50,different,22431,0.044106863640740755,1.4573634478925923,1.147193558090188,0.8784533823850947
bend,rig_attitude,50-80,all,194022,0.31146464597643514,1.4211077040243896,1.0075832835793597,0.894438764036025
bend,rig_attitude,50-80,same,162772,0.3400626716589779,1.423828500518657,0.9832587274374216,0.8985728691192982
bend,rig_attitude,50-80,different,31250,0.1039879334802148,1.4068507996380244,1.1364040101270647,0.8738775977969434
paterson,depth,0-5,all,209,0.2848543996821624,1.5579983340299841,0.8490002456113155,0.7591531619423251
paterson,depth,0-5,same,142,0.32240390090982285,1.612506258871752,0.7264975237654994,0.7461242011425515
paterson,depth,0-5,different,67,0.20021038375248243,1.4356491968076148,1.0744363347490111,0.7785894697392246
paterson,depth,5-10,all,9804,0.05385993937902575,1.6685939543606507,0.8834434929597892,0.724015234073518
paterson,depth,5-10,same,8312,0.07584276584037898,1.667555596543736,0.8438256368152968,0.7335545609233075
paterson,depth,5-10,different,1492,-0.0847025744499651,1.6743669066308589,1.1280849725510709,0.6661607945006974
paterson,depth,10-15,all,22252,0.0782621286018785,1.6659492495676287,0.9168747709479941,0.7592905396409007
paterson,depth,10-15,same,19389,0.09149228099392781,1.6531688239835223,0.8742429041380315,0.7588205994927834
paterson,depth,10-15,different,2863,-0.009664056830570436,1.7500470598539208,1.2113048628027634,0.7610313603516398
paterson,depth,15-20,all,11968,0.0884908720365895,1.6943798300988338,1.0683735021621317,0.7441434189928366
paterson,depth,15-20,same,8072,0.13796217770289726,1.6559177623704047,1.0008878989460617,0.7566335744998723
paterson,depth,15-20,different,3896,-0.016827467304952028,1.7714126269810762,1.2067246002717416,0.7246667147867754
paterson,depth,20-30,all,38675,0.1040499666212476,1.6925801754483598,1.0486818450176125,0.7843446707377784
paterson,depth,20-30,same,27774,0.15059099004944865,1.6196592064522661,0.9642230238855294,0.7787744680188265
paterson,depth,20-30,different,10901,-0.0013175521006216241,1.8655325527063158,1.2685761353862268,0.8064619832000828
paterson,depth,30-50,all,87378,0.07175786158575843,1.7603170462294015,1.1371383794408958,0.8078578408288337
paterson,depth,30-50,same,55562,0.12163930719672707,1.6703087856423566,1.0320891710886682,0.8035814576181007
paterson,depth,30-50,different,31816,-0.004723315929980273,1.9073446062857218,1.3265467205617103,0.8154902358730112
paterson,depth,50-80,all,113160,0.06666306903937033,1.7412534634168457,1.1470137362447743,0.8070432163222254
paterson,depth,50-80,same,66468,0.11919842414204097,1.6391506256409705,1.044078615222134,0.810011769873835
paterson,depth,50-80,different,46692,0.002263428355795123,1.8770448417809138,1.2931932873861156,0.8029693420535059
paterson,depth_well_determined,0-5,all,71,0.48693531568906767,1.2985359087399901,0.5842635211547855,0.7236948720369085
paterson,depth_well_determined,0-5,same,52,0.4983363794145893,1.424414755750524,0.5842635211547855,0.6837859510891569
paterson,depth_well_determined,0-5,different,19,0.37792205777768056,0.8649337161582684,0.5883350518857322,0.7591531619423251
paterson,depth_well_determined,5-10,all,3226,0.2495969097863365,1.17206061822435,0.5804996644961052,0.6243079106017299
paterson,depth_well_determined,5-10,same,2756,0.28823223342897003,1.1687699644211178,0.5335315458580743,0.6408680743001383
paterson,depth_well_determined,5-10,different,470,-0.06668205005509723,1.1911735266734884,0.8559566138624932,0.5262298949156166
paterson,depth_well_determined,10-15,all,7341,0.2061475877624753,1.227698236706777,0.6172823069253078,0.6616999964106477
paterson,depth_well_determined,10-15,same,6439,0.2432636420823216,1.1925428625169283,0.5658890919862853,0.6628509714944105
paterson,depth_well_determined,10-15,different,902,-0.037810678714825,1.4541751673720624,1.027746529593699,0.6542673666439343
paterson,depth_well_determined,15-20,all,3836,0.17404852689882283,1.3356203659804975,0.8388943203606885,0.6716203149368108
paterson,depth_well_determined,15-20,same,2589,0.2590817952968816,1.2519143798623786,0.7526449424003092,0.69628940046707
paterson,depth_well_determined,15-20,different,1247,0.009914504191873138,1.494512181855874,0.9842843248723007,0.6373937455808645
paterson,depth_well_determined,20-30,all,12422,0.16541931924173292,1.339785708649883,0.7923297349878825,0.6901409717739346
paterson,depth_well_determined,20-30,same,9155,0.23239080236174076,1.2556797731931186,0.7066430216770395,0.6889764429090693
paterson,depth_well_determined,20-30,different,3267,0.006136109184493595,1.5513682812055025,1.0467146819388429,0.6963919931029848
paterson,depth_well_determined,30-50,all,27369,0.09587623614181658,1.422488770613371,0.8624103205263998,0.7032634605534698
paterson,depth_well_determined,30-50,same,18189,0.1608006367808604,1.3306785263863472,0.7723491356354952,0.7145606701262662
paterson,depth_well_determined,30-50,different,9180,-0.012894695453357545,1.5888057731970024,1.0716708875376453,0.6806833764929198
paterson,depth_well_determined,50-80,all,35910,0.11453307006107057,1.3967353259121795,0.8912972884735333,0.7081099858718283
paterson,depth_well_determined,50-80,same,22376,0.18867823273893772,1.2869447719180034,0.7924765223134386,0.7296352372754326
paterson,depth_well_determined,50-80,different,13534,0.013381333586262652,1.561412041842092,1.0627918162404433,0.6782007597469071
paterson,rig_attitude,0-5,all,209,0.5637771382041123,1.4673977389877757,0.5448864526213683,1.105374989870044
paterson,rig_attitude,0-5,same,142,0.6798978066194018,1.2812653719164464,0.41846113058678824,1.077224428697179
paterson,rig_attitude,0-5,different,67,0.30318667895659485,1.7993262197987985,1.04334368952075,1.1515995553585787
paterson,rig_attitude,5-10,all,9804,0.7940861024765927,0.9362619813088933,0.33966092072279475,1.0538121285066255
paterson,rig_attitude,5-10,same,8312,0.8506951999663488,0.8152452056807806,0.2909614571904643,1.0730279406737913
paterson,rig_attitude,5-10,different,1492,0.3514804789658031,1.4343761988872707,0.9770965373059226,0.9543937978514337
paterson,rig_attitude,10-15,all,22252,0.7486842343827248,1.0328413905590665,0.3664247455074219,1.0471943176942715
paterson,rig_attitude,10-15,same,19389,0.8278718967653474,0.8624002764289321,0.3172997918499165,1.0526558552498702
paterson,rig_attitude,10-15,different,2863,0.1254352794178084,1.8039919812929959,1.210896387127221,1.006464505760156
paterson,rig_attitude,15-20,all,11968,0.4696546141268874,1.4814458417123046,0.6748215690136738,1.041933725996925
paterson,rig_attitude,15-20,same,8072,0.6146315460741215,1.300951867873388,0.4968038739645171,1.0777975253889003
paterson,rig_attitude,15-20,different,3896,0.10328015034046938,1.7986624629995431,1.1880601610244481,0.9738499985312462
paterson,rig_attitude,20-30,all,38675,0.4868046910399295,1.4512795545648713,0.6519096971985063,1.0502271954762752
paterson,rig_attitude,20-30,same,27774,0.6505949695181654,1.2104136572689141,0.4810527996005458,1.0618674646601607
paterson,rig_attitude,20-30,different,10901,0.03451796055092073,1.933820230866614,1.3178593042809417,1.0241802356632277
paterson,rig_attitude,30-50,all,87378,0.32497918511314916,1.6307324359135007,0.8920202665054375,1.033372480851708
paterson,rig_attitude,30-50,same,55562,0.5143458836894891,1.3891392465350305,0.6668463056444198,1.0449475384033309
paterson,rig_attitude,30-50,different,31816,-0.0139389890585874,1.983278600719439,1.3786752179643833,1.0154741336441253
paterson,rig_attitude,50-80,all,113160,0.2726600460850551,1.6689012355283281,1.0370854929156983,1.0266311983679832
paterson,rig_attitude,50-80,same,66468,0.43636083002507475,1.4619432765166942,0.8223914489642341,1.031699633105184
paterson,rig_attitude,50-80,different,46692,0.04541872692932771,1.9255180067094138,1.363665887723339,1.0199918174905234
gainesville,depth,0-5,all,208,0.2895827045182144,1.0710304408477656,0.6723917739295273,0.7765541871258046
gainesville,depth,0-5,same,174,0.371693681184838,1.0186034116036484,0.657994543845483,0.7389531426634866
gainesville,depth,0-5,different,34,-0.14813689978457517,1.3068134157692102,1.3398935438424138,0.9541606636315279
gainesville,depth,5-10,all,10158,0.2524218965974727,1.0412770449589714,0.563292318619215,0.7790887291952879
gainesville,depth,5-10,same,9118,0.3008824849055534,0.993689615686997,0.5147348082506207,0.7828884381817354
gainesville,depth,5-10,different,1040,-0.08269149707061466,1.3904221378297454,1.1507711433484857,0.724170793710866
gainesville,depth,10-15,all,23759,0.2756149763253269,1.0089658944400988,0.5604873518139807,0.8034651735719862
gainesville,depth,10-15,same,21827,0.30686392510818206,0.9831677332132613,0.5263562231305015,0.8086808043937375
gainesville,depth,10-15,different,1932,-0.047008032289760165,1.2643714074287011,1.1100881905075703,0.7185320129947225
gainesville,depth,15-20,all,13356,0.09318884214493722,1.1934571219268357,0.8623890610160587,0.7771633995102064
gainesville,depth,15-20,same,10194,0.14050310625883833,1.1472447058789161,0.7816492469447225,0.7773380387370015
gainesville,depth,15-20,different,3162,-0.04329073720038606,1.3315661736406004,1.1427691879161757,0.7748698891830788
gainesville,depth,20-30,all,42817,0.17921250562517418,1.1114720458869478,0.7819998832388968,0.8061546101928029
gainesville,depth,20-30,same,34462,0.23144682659193602,1.0662027901891493,0.7033114056333415,0.8169869771212641
gainesville,depth,20-30,different,8355,-0.01826842639485635,1.281402230626439,1.1267229572885116,0.7411173592045365
gainesville,depth,30-50,all,96450,0.13192396313649396,1.1645967956617402,0.863841232688451,0.8110598657504037
gainesville,depth,30-50,same,72659,0.18484643825309569,1.1173297768097592,0.7805968954054919,0.8246161960890123
gainesville,depth,30-50,different,23791,-0.017331132708706252,1.2983433900434231,1.1241830154325305,0.7554599721457939
gainesville,depth,50-80,all,121697,0.14128148347493596,1.1514408581222582,0.8603918022237009,0.8209993579748799
gainesville,depth,50-80,same,89635,0.19652472579483304,1.1072500934846945,0.7768820260642639,0.8380729912991497
gainesville,depth,50-80,different,32062,-0.006463150131814881,1.2668313834620766,1.0874412215980616,0.7571080055941687
gainesville,depth_well_determined,0-5,all,91,0.16380624063119664,0.9345997378881112,0.6389267384302906,0.6921998736898313
gainesville,depth_well_determined,0-5,same,78,0.27585884193314375,0.8731751071649707,0.6042274844430432,0.682045862777841
gainesville,depth_well_determined,0-5,different,13,-0.016297899998911937,1.2408578015986906,0.7183166971001496,0.9986592797458406
gainesville,depth_well_determined,5-10,all,5760,0.3568674312826765,0.8646350397365238,0.4560102627768826,0.7693612781623513
gainesville,depth_well_determined,5-10,same,5199,0.41800432104104596,0.8093550569108644,0.41797423250056964,0.776380324299101
gainesville,depth_well_determined,5-10,different,561,-0.06583989391752156,1.2669569311042468,1.1667821303979709,0.7127989447587812
gainesville,depth_well_determined,10-15,all,13645,0.36003508292564307,0.8629772660710681,0.4679622839851604,0.7966235080957134
gainesville,depth_well_determined,10-15,same,12609,0.3966289497489183,0.8358464037171849,0.43805870355870064,0.8042000270954253
gainesville,depth_well_determined,10-15,different,1036,-0.05879937364161294,1.1426683331169998,1.042358610661335,0.6856304404605557
gainesville,depth_well_determined,15-20,all,7366,0.10564783418731269,1.07676493923329,0.7863637882030264,0.7547560971975606
gainesville,depth_well_determined,15-20,same,5665,0.1587895669378314,1.0333458213869768,0.7078166182315964,0.7579235419265539
gainesville,depth_well_determined,15-20,different,1701,-0.05643983796665238,1.2101861774034135,1.0508324975999441,0.7410311654458198
gainesville,depth_well_determined,20-30,all,24040,0.2229263494608318,0.9927488255203399,0.7021580714112322,0.7916980925056191
gainesville,depth_well_determined,20-30,same,19646,0.28044394022892283,0.9504738838853758,0.6245790752742924,0.8081033197720662
gainesville,depth_well_determined,20-30,different,4394,-0.020920737328860652,1.1631204476086698,1.0914695623208606,0.6941067520192867
gainesville,depth_well_determined,30-50,all,54001,0.17056209351764026,1.0417759511314855,0.7837288199205686,0.8005597954913011
gainesville,depth_well_determined,30-50,same,41468,0.22671281851202926,1.003621722338749,0.7026558829226479,0.8168983417404265
gainesville,depth_well_determined,30-50,different,12533,-0.011628407473893347,1.1590989434241292,1.0617214473543208,0.7292476204463817
gainesville,depth_well_determined,50-80,all,68781,0.17591255189458121,1.039757068930786,0.7895915701503978,0.8099005882859122
gainesville,depth_well_determined,50-80,same,51520,0.23662621321020727,1.0015542265718758,0.7075692252130079,0.8303624180803513
gainesville,depth_well_determined,50-80,different,17261,-0.006466563618717796,1.1462365502584853,1.0346660826051388,0.7251688412239067
gainesville,rig_attitude,0-5,all,208,0.4200837695453464,1.1345831037866954,0.4875526358959579,1.0150548135396527
gainesville,rig_attitude,0-5,same,174,0.5216510402523712,1.041640608238105,0.44645479538664445,0.9173309846385637
gainesville,rig_attitude,0-5,different,34,-0.06752064624340444,1.5239399127773965,1.056887429353635,1.2006074661448876
gainesville,rig_attitude,5-10,all,10158,0.618392514334099,0.830615644165596,0.3084073708548507,0.8338259150534203
gainesville,rig_attitude,5-10,same,9118,0.7127724528502851,0.7110052937991549,0.2700550476746437,0.8288437757184842
gainesville,rig_attitude,5-10,different,1040,-0.031031054591516692,1.5187362211427506,1.1858598045443194,0.8996282048250834
gainesville,rig_attitude,10-15,all,23759,0.620555435148129,0.8179332019573428,0.3082597511011312,0.8703665398916962
gainesville,rig_attitude,10-15,same,21827,0.6883935991306195,0.7384789243047384,0.2747724653146649,0.8695880828567117
gainesville,rig_attitude,10-15,different,1932,-0.08468675245511523,1.4374000763621737,1.3026395159329804,0.880147456382666
gainesville,rig_attitude,15-20,all,13356,0.2791787809402257,1.1620634331556654,0.743255820242916,0.8465716625389843
gainesville,rig_attitude,15-20,same,10194,0.3801891386044124,1.0577490998564252,0.5827323332655079,0.8273022903453086
gainesville,rig_attitude,15-20,different,3162,0.0034717433194195136,1.4480725729415302,1.2783739247252162,0.9157749907357408
gainesville,rig_attitude,20-30,all,42817,0.38280661275976413,1.0494838172313434,0.608070401516725,0.8610983381342618
gainesville,rig_attitude,20-30,same,34462,0.48023572602937065,0.9563569311684591,0.4992129727323962,0.8645955189459393
gainesville,rig_attitude,20-30,different,8355,0.010697750898665247,1.3681753204702787,1.2098288193210385,0.8491973086084759
gainesville,rig_attitude,30-50,all,96450,0.27467989709029633,1.1233502845831274,0.7901345000343166,0.8628438839548458
gainesville,rig_attitude,30-50,same,72659,0.3703148845603562,1.042452690037254,0.6682754597631801,0.8664621720393569
gainesville,rig_attitude,30-50,different,23791,-0.007383788215766807,1.3405265125537422,1.1812545770967369,0.8473499262887495
gainesville,rig_attitude,50-80,all,121697,0.2554450613040832,1.1242511945117046,0.849509189840499,0.8626346645636892
gainesville,rig_attitude,50-80,same,89635,0.33510164022176897,1.0637251753384356,0.75080826924716,0.870980646952229
gainesville,rig_attitude,50-80,different,32062,0.0306616540735899,1.27834692922422,1.141159602668628,0.8348926965536666
sao_paulo,depth,0-5,all,128,0.38375443879517906,2.198023891105661,1.3056177422689115,1.0140604058848448
sao_paulo,depth,0-5,same,71,0.34591624947239685,2.585563543682532,1.402356312863403,1.4559444094052576
sao_paulo,depth,0-5,different,57,0.48342932668269917,1.5881286448824992,1.05379868436122,0.8495198720810626
sao_paulo,depth,5-10,all,5304,0.21496379919372344,2.39132642378625,1.2912350737223772,1.1707253146785483
sao_paulo,depth,5-10,same,3865,0.2742489870051224,2.4068256452161614,1.2102657826715388,1.2212979876453367
sao_paulo,depth,5-10,different,1439,-0.02330497640469858,2.3491910507288205,1.4618978508829743,1.065773618901093
sao_paulo,depth,10-15,all,15141,0.1781059232481775,2.326713564994882,1.2860622261616066,1.0290774528286242
sao_paulo,depth,10-15,same,12993,0.21081381934280954,2.273065190689748,1.2048912724792913,1.0068359311524535
sao_paulo,depth,10-15,different,2148,-0.009088040096669811,2.627980734173439,1.8520400567921427,1.146200950610822
sao_paulo,depth,15-20,all,7649,0.09215519862851175,2.6720417611732605,1.5800467397007112,1.176532284358828
sao_paulo,depth,15-20,same,4274,0.16998809832218859,2.7162001549684294,1.4613894691722917,1.2642930755501396
sao_paulo,depth,15-20,different,3375,-0.04118710925669135,2.615051038840195,1.7172792654990992,1.066546876025325
sao_paulo,depth,20-30,all,25401,0.12137499153425413,2.5838755817824444,1.4906986152004964,1.107634911256749
sao_paulo,depth,20-30,same,17318,0.18518792710730753,2.5347122530557837,1.3593353012353508,1.1240880216761506
sao_paulo,depth,20-30,different,8083,-0.032790977306338634,2.6861816201733943,1.8109422805279118,1.0836479922159123
sao_paulo,depth,30-50,all,55883,0.1000336787010888,2.6721323138196627,1.5850053670656892,1.1571127598846653
sao_paulo,depth,30-50,same,34108,0.15564228818525658,2.654603161504144,1.4324342764313496,1.1837705960807687
sao_paulo,depth,30-50,different,21775,0.0005876991841286842,2.699360900795119,1.8345575100388085,1.1240481563213467
sao_paulo,depth,50-80,all,67866,0.09390979129805273,2.664405490379644,1.589868837875193,1.1512711091769154
sao_paulo,depth,50-80,same,40042,0.1494074318499618,2.612647602121722,1.4105534174407983,1.1811842644860375
sao_paulo,depth,50-80,different,27824,0.009677942632539028,2.7371739929116403,1.8432379351372317,1.1171833196148384
sao_paulo,depth_well_determined,0-5,all,34,0.38770702373087684,2.675498094485765,0.9039299488234142,0.8313047864426633
sao_paulo,depth_well_determined,0-5,same,25,0.3954853990905015,3.0885573865214377,0.9055761937076159,1.34597434205228
sao_paulo,depth_well_determined,0-5,different,9,,0.7380299283598336,0.9039299488234142,0.47496736756843755
sao_paulo,depth_well_determined,5-10,all,1467,0.39819137517985664,2.1444711320046697,0.89642196776417,1.0076608056642797
sao_paulo,depth_well_determined,5-10,same,1049,0.4759170116475522,2.1806344387662255,0.7489048610907578,1.0755500111494616
sao_paulo,depth_well_determined,5-10,different,418,-0.0535337149000597,2.05091062448277,1.2167098388565514,0.8349693352834545
sao_paulo,depth_well_determined,10-15,all,3994,0.35559372209161866,2.167662802374133,0.8401945923945544,0.8881948210167661
sao_paulo,depth_well_determined,10-15,same,3371,0.3968422113576304,2.1323630461973386,0.7491689200022372,0.8490435720059376
sao_paulo,depth_well_determined,10-15,different,623,0.07410029111854881,2.3494859152257104,1.5443566370774167,1.053686840001332
sao_paulo,depth_well_determined,15-20,all,2078,0.17806092033994425,2.670900760947354,1.2898126024310685,1.0519330308115666
sao_paulo,depth_well_determined,15-20,same,1104,0.266357820697103,2.870119336496537,1.097821985241551,1.245708766132734
sao_paulo,depth_well_determined,15-20,different,974,-0.014968248864546905,2.425387064849744,1.5323415507671831,0.9641845452294492
sao_paulo,depth_well_determined,20-30,all,6842,0.2117857666382436,2.5807624057758662,1.1793936653704051,1.005049932034343
sao_paulo,depth_well_determined,20-30,same,4478,0.2907708972913139,2.620049491707642,1.0091185160921592,1.0357262385691146
sao_paulo,depth_well_determined,20-30,different,2364,-0.02321553823034971,2.504654278317951,1.5050182158902916,0.9610451032165418
sao_paulo,depth_well_determined,30-50,all,14895,0.163213237555961,2.740376507151085,1.290674471013551,1.0594181936726386
sao_paulo,depth_well_determined,30-50,same,8663,0.24204299923225525,2.830087132146071,1.079342596697379,1.1461290555451038
sao_paulo,depth_well_determined,30-50,different,6232,-0.007518315558462346,2.61055498249983,1.5894040708208463,0.974986089937001
sao_paulo,depth_well_determined,50-80,all,17946,0.1436401787946124,2.732652335214885,1.2966539408130873,1.0540325290234194
sao_paulo,depth_well_determined,50-80,same,9997,0.21657332163452817,2.8125278062556296,1.04312133279558,1.135969902214284
sao_paulo,depth_well_determined,50-80,different,7949,0.012015786557265958,2.628754250140626,1.653516626004683,0.9741588088698075
sao_paulo,rig_attitude,0-5,all,128,0.5859359374196638,1.7322300935688482,0.6714670366295892,1.1067594152341629
sao_paulo,rig_attitude,0-5,same,71,0.61609462649155,2.051915801645799,0.6865466907459501,1.377853047444407
sao_paulo,rig_attitude,0-5,different,57,0.4434630084511129,1.2221928091372303,0.6363794935118967,0.9385485407798616
sao_paulo,rig_attitude,5-10,all,5304,0.6147188866015226,1.6113861306667032,0.5345007802603011,0.994902120224229
sao_paulo,rig_attitude,5-10,same,3865,0.7026066419879697,1.5005512793620146,0.4271257695520733,1.0262368161089899
sao_paulo,rig_attitude,5-10,different,1439,0.21585624599715134,1.8769548792549922,0.9734292041626846,0.929750919340649
sao_paulo,rig_attitude,10-15,all,15141,0.5976643635923746,1.4587456168015662,0.46226828438340084,0.808304453742826
sao_paulo,rig_attitude,10-15,same,12993,0.6899385577217615,1.290547947698039,0.4006454366292735,0.7766101711356699
sao_paulo,rig_attitude,10-15,different,2148,-0.025984323334695993,2.219254819226591,1.5986630443667669,1.0491914052960074
sao_paulo,rig_attitude,15-20,all,7649,0.29284576602843737,2.1469400328290926,0.9171617115713082,0.9852482995489797
sao_paulo,rig_attitude,15-20,same,4274,0.42418876384446386,2.120096425691742,0.6456623305492959,0.9986028158511143
sao_paulo,rig_attitude,15-20,different,3375,0.02575746772049622,2.180459796256274,1.4279838965536202,0.973264301085087
sao_paulo,rig_attitude,20-30,all,25401,0.3422401763238967,1.9996444543371905,0.7407064067848863,0.9008775506991649
sao_paulo,rig_attitude,20-30,same,17318,0.4736982766433434,1.8431181271523647,0.5417806277737409,0.8499129003445117
sao_paulo,rig_attitude,20-30,different,8083,-0.001437412396654999,2.299410931554914,1.4651386723388509,0.9981326095969574
sao_paulo,rig_attitude,30-50,all,55883,0.24188173554286713,2.163342592808971,0.9239674571823192,0.9165507013114716
sao_paulo,rig_attitude,30-50,same,34108,0.35978039154947056,2.066705478134032,0.663235657746256,0.8758212644565097
sao_paulo,rig_attitude,30-50,different,21775,0.013751543987789668,2.306589873497244,1.4976647247592585,0.9771317852219301
sao_paulo,rig_attitude,50-80,all,67866,0.214549767647133,2.154760568067312,0.967819477863322,0.9051208205243594
sao_paulo,rig_attitude,50-80,same,40042,0.34758530075222926,2.0093317199537863,0.7039769265139718,0.8708481530749629
sao_paulo,rig_attitude,50-80,different,27824,-4.8859983859669984e-05,2.348295665998943,1.4940222821631144,0.9511842185058833
