city,year,n_measured,grade_abs_p50,grade_abs_p90,cross_abs_p50,cross_p50_signed,ground_d_p50
bend,2007,6,4.452457372043873,5.634870366234602,0.7723432335615856,-0.7723432335615856,1.9167914390563965
bend,2008,9,3.3489064985393013,4.762129486073525,0.8935381182547635,-0.19790057237085204,1.7761650085449219
bend,2009,13,2.539593989549548,3.493416830676333,0.8267789930222136,-0.6588871683203004,1.829014778137207
bend,2012,171,0.6216039618156228,2.5683235851640482,1.0748305937881548,0.10057026365117024,2.3662476539611816
bend,2015,77,0.8017398495532632,3.0637623827739833,1.6505544620977322,-0.7594985661015898,2.3701558113098145
bend,2017,72,0.6842607154961547,2.1341821929915783,1.572204534680047,0.6487504941923755,2.390178918838501
bend,2018,266,0.6665122313636763,3.5032827123702197,1.1243333855730602,0.3650940012801668,2.325786590576172
bend,2019,1541,0.8396666493646534,1.9651591904366383,0.9418401085022763,-0.44873226810365524,2.342484712600708
bend,2021,909,0.530364542661064,1.5850132173942373,0.9398252557829322,-0.47998598948728605,2.3843584060668945
bend,2024,59952,0.42377422814527643,1.47542884608138,0.9666912479903865,-0.5579032520159914,2.3730061054229736
bend,2025,2883,0.36774342364434426,1.3513932631531684,0.8911426701670203,-0.5189020688885708,2.3520898818969727
paterson,2007,118,2.356869503232859,4.012758909393129,0.8063754518665365,-0.3075412835699435,2.149852752685547
paterson,2008,98,2.5932002313005027,4.271257552566498,1.2088766247489222,-1.0439200645680233,2.2923269271850586
paterson,2012,2,0.005625006358332453,3.6879919577846394,0.008389141435005583,0.008389141435005583,2.3266561031341553
paterson,2013,1,3.6757729102445564,3.6757729102445564,1.5791199379070588,-1.5791199379070588,2.289705514907837
paterson,2014,13,1.7597217443744448,4.6822806121118035,3.339438470715866,0.25136670412885453,2.1577541828155518
paterson,2015,4,3.109260238310587,3.3605738625163197,3.4636070011322064,2.708810295581158,2.459528923034668
paterson,2016,1,0.7811940135368336,0.7811940135368336,3.8538046099824665,-3.8538046099824665,2.4238338470458984
paterson,2017,17,0.27898867995215165,1.0336273480167697,0.6048129987317657,0.5661449544491656,2.381819009780884
paterson,2018,1523,0.6499053539671181,2.2958139296520685,1.0492174180765106,-0.5928345763015177,2.3476481437683105
paterson,2019,1264,0.5177581077560303,2.2330885507043052,1.1574070683728115,-0.7533066591177114,2.3727352619171143
paterson,2020,2933,0.5401825823415113,2.2723420152433764,1.070463995057588,-0.4807668584061627,2.3489787578582764
paterson,2021,1659,0.5250688637956926,2.0271224497009777,1.0992480168638934,-0.6753549394128652,2.346726894378662
paterson,2022,29,0.5274715190463348,2.621684832693817,0.7967807407296814,-0.6665649343148212,2.352182626724243
paterson,2023,11,1.597458024183851,2.997911195026335,3.1545380750835093,-2.373070793113855,2.1364622116088867
paterson,2024,7411,0.5278275608183934,2.302641761222707,1.3187251214456437,-1.052649172633928,2.3736939430236816
paterson,2025,15157,0.9110474301728051,2.5640459919613967,1.0248755411233434,-0.3276027766247276,1.8619177341461182
paterson,2026,94,0.8604090045530263,1.4361804004965126,1.233411637483781,1.233411637483781,1.7393296957015991
gainesville,2007,153,2.852570241535358,4.233682626736463,1.2957242878041322,-0.88750212554276,2.1475119590759277
gainesville,2008,9,2.9721271276987373,3.408855983698955,1.9101468393000949,-1.8773092217982916,2.419646978378296
gainesville,2011,137,0.7677931643480511,1.8714880803158953,1.1960304346104496,0.12083419363272475,2.12307071685791
gainesville,2014,44,0.2858384150514887,1.0053732386598957,1.252172630739568,0.19900288832133115,2.3070106506347656
gainesville,2015,225,0.4893182329002347,1.703049100402242,1.1430822360814303,-0.5054317638199112,1.9351729154586792
gainesville,2016,110,1.0328252328371268,2.0576870694166383,1.0239685648160233,-0.4506722434233289,2.1309070587158203
gainesville,2017,17,0.8270592876234563,3.5669636555869735,1.387529939853742,-1.2318519741176852,2.239933967590332
gainesville,2018,162,0.64702395241576,1.5714330886565415,1.1039759137707088,0.2305361404017968,2.0686004161834717
gainesville,2019,64,0.6099573562769727,1.4196947550362293,0.5634460493225218,-0.0018720896537174386,2.1461477279663086
gainesville,2021,334,0.36337951191280815,1.4768134480824286,1.225042036787063,-0.8311263920991607,2.302483320236206
gainesville,2022,2226,0.4559456888016359,1.5814055364075867,0.8881005048044468,0.13305024808914445,2.2753448486328125
gainesville,2023,1620,0.4180665541988851,1.3131468017894046,0.9989096602927253,-0.5198614675469294,2.3000972270965576
gainesville,2024,2286,0.3452641482546062,1.3190767506520906,1.2130561117226053,-1.02337002876004,2.313570261001587
gainesville,2025,1127,0.4500143336588009,1.0379528511563707,0.8312214217731015,-0.7033956006801143,2.286626100540161
gainesville,2026,21950,0.8956179022352072,1.7166550395053304,0.9501670583903786,-0.40586186127438706,1.7607072591781616
sao_paulo,2010,2,2.2890480668370277,3.492485267871024,1.5276025868916583,-2.3130239213175594,2.009500026702881
sao_paulo,2011,28,1.85832055372147,3.260256492554036,1.8974277795339158,0.24050196473246888,2.3807144165039062
sao_paulo,2014,36,1.045918543882149,3.003888616338826,1.5913842049215277,0.8244207082719128,2.391190528869629
sao_paulo,2015,3,1.3925821729654844,1.5806851685644445,2.2845279715529534,0.5507023481238571,2.384033441543579
sao_paulo,2016,64,3.331191877085725,7.402665717277541,2.9430316667115357,0.09569876619679797,1.738533616065979
sao_paulo,2017,174,9.187258546055169,11.58225408197097,3.0367797424291325,2.890752846003403,1.7154006958007812
sao_paulo,2018,152,1.6895874864787124,5.8682530635986545,2.4985878603609692,1.5829392117872239,2.101890802383423
sao_paulo,2019,131,0.7484935886664138,2.515612159529712,1.070740230804908,0.028781459770752995,2.24503493309021
sao_paulo,2020,83,0.51310805778448,2.223906939340459,1.1927181317984812,0.6022316339833731,2.150542736053467
sao_paulo,2021,876,4.49091373537498,10.261897136643855,3.356576967315529,-3.22988859558951,1.6484606266021729
sao_paulo,2022,714,0.8898101387136581,2.997616535241901,1.39951772614635,-0.05496771808094658,2.2217414379119873
sao_paulo,2023,1443,0.7157302407232624,2.764897842236535,1.414219671889412,-0.07115231545225564,2.2640326023101807
sao_paulo,2024,7052,0.7511778124488726,2.7306220564772987,1.308992908003428,-0.3169879802750254,2.2694687843322754
sao_paulo,2025,7595,1.2550846719455144,3.390626359345102,1.5558423182723669,-0.2650781746055417,2.231475591659546
sao_paulo,2026,253,2.2664634739082,3.2872794454099785,1.134139717176641,0.2005860213300048,2.12996244430542
