city,height_model,ref_group,variant,n_refs,n_box_vs_peak,box_vs_peak_px_p50,box_minus_peak_dy_px_median,px_p50,px_p90,abs_dx_px_p50,abs_dy_px_p50,dy_px_median,dist_m_p50,dist_m_p90,along_m_median
bend,2.6m,independent,full,41,0,,,4.477,15.309,4.143,1.938,-0.589,1.423,2.907,0.496
bend,2.6m,independent,loo,41,0,,,4.477,15.309,4.143,1.938,-0.589,1.423,2.907,0.496
bend,2.6m,independent,full_on_loo_rows,41,0,,,4.477,15.309,4.143,1.938,-0.589,1.423,2.907,0.496
bend,2.6m,box,full,0,0,,,,,,,,,,
bend,2.6m,box,loo,0,0,,,,,,,,,,
bend,2.6m,box,full_on_loo_rows,0,0,,,,,,,,,,
bend,2.6m,missed,full,41,0,,,4.477,15.309,4.143,1.938,-0.589,1.423,2.907,0.496
bend,2.6m,missed,loo,41,0,,,4.477,15.309,4.143,1.938,-0.589,1.423,2.907,0.496
bend,2.6m,missed,full_on_loo_rows,41,0,,,4.477,15.309,4.143,1.938,-0.589,1.423,2.907,0.496
bend,2.6m,peak,full,243,0,,,4.499,11.364,2.73,2.071,-0.365,0.718,2.697,0.147
bend,2.6m,peak,loo,230,0,,,6.282,20.181,4.533,2.841,-0.717,1.082,3.352,0.255
bend,2.6m,peak,full_on_loo_rows,230,0,,,4.722,12.13,3.163,2.232,-0.675,0.82,2.809,0.202
bend,2.6m,box_on_detection,full,0,0,,,,,,,,,,
bend,2.6m,box_on_detection,loo,0,0,,,,,,,,,,
bend,2.6m,box_on_detection,full_on_loo_rows,0,0,,,,,,,,,,
bend,per-pano,independent,full,45,0,,,3.741,18.666,2.851,1.746,0.992,1.495,3.167,-0.463
bend,per-pano,independent,loo,45,0,,,3.741,18.666,2.851,1.746,0.992,1.495,3.167,-0.463
bend,per-pano,independent,full_on_loo_rows,45,0,,,3.741,18.666,2.851,1.746,0.992,1.495,3.167,-0.463
bend,per-pano,box,full,0,0,,,,,,,,,,
bend,per-pano,box,loo,0,0,,,,,,,,,,
bend,per-pano,box,full_on_loo_rows,0,0,,,,,,,,,,
bend,per-pano,missed,full,45,0,,,3.741,18.666,2.851,1.746,0.992,1.495,3.167,-0.463
bend,per-pano,missed,loo,45,0,,,3.741,18.666,2.851,1.746,0.992,1.495,3.167,-0.463
bend,per-pano,missed,full_on_loo_rows,45,0,,,3.741,18.666,2.851,1.746,0.992,1.495,3.167,-0.463
bend,per-pano,peak,full,243,0,,,4.865,12.681,3.242,2.138,1.083,0.819,2.154,-0.224
bend,per-pano,peak,loo,227,0,,,6.929,20.4,5.049,2.891,1.8,1.16,2.751,-0.386
bend,per-pano,peak,full_on_loo_rows,227,0,,,5.138,13.053,3.53,2.406,1.342,0.852,2.185,-0.3
bend,per-pano,box_on_detection,full,0,0,,,,,,,,,,
bend,per-pano,box_on_detection,loo,0,0,,,,,,,,,,
bend,per-pano,box_on_detection,full_on_loo_rows,0,0,,,,,,,,,,
paterson,2.6m,independent,full,130,76,4.554,-1.938,9.153,34.666,8.192,3.218,-2.263,1.688,3.735,0.876
paterson,2.6m,independent,loo,124,70,4.554,-1.723,11.022,42.733,9.107,3.302,-2.213,2.002,3.989,1.135
paterson,2.6m,independent,full_on_loo_rows,124,70,4.554,-1.723,9.544,36.659,8.335,3.069,-2.213,1.743,3.84,0.974
paterson,2.6m,box,full,79,76,4.554,-1.938,8.781,21.327,7.856,3.069,-2.263,1.432,3.359,0.758
paterson,2.6m,box,loo,73,70,4.554,-1.723,10.785,32.207,9.264,3.302,-2.114,1.697,3.953,0.877
paterson,2.6m,box,full_on_loo_rows,73,70,4.554,-1.723,8.998,21.327,8.094,3.049,-1.957,1.477,3.359,0.82
paterson,2.6m,missed,full,51,0,,,12.852,47.87,9.056,3.33,-2.213,2.644,4.167,1.362
paterson,2.6m,missed,loo,51,0,,,12.852,47.87,9.056,3.33,-2.213,2.644,4.167,1.362
paterson,2.6m,missed,full_on_loo_rows,51,0,,,12.852,47.87,9.056,3.33,-2.213,2.644,4.167,1.362
paterson,2.6m,peak,full,156,0,,,5.652,17.376,3.816,2.502,-1.486,1.128,3.313,0.484
paterson,2.6m,peak,loo,145,0,,,8.46,28.665,6.662,3.254,-2.025,1.75,4.177,0.736
paterson,2.6m,peak,full_on_loo_rows,145,0,,,6.292,18.29,4.324,2.729,-1.632,1.281,3.386,0.629
paterson,2.6m,box_on_detection,full,76,76,4.554,-1.938,8.781,21.327,7.477,3.069,-2.271,1.424,3.359,0.701
paterson,2.6m,box_on_detection,loo,70,70,4.554,-1.723,10.785,32.207,9.264,3.302,-2.362,1.697,3.953,0.861
paterson,2.6m,box_on_detection,full_on_loo_rows,70,70,4.554,-1.723,8.998,21.327,8.094,3.049,-2.263,1.477,3.359,0.766
paterson,per-pano,independent,full,157,80,4.639,-1.635,7.188,22.973,5.152,2.168,0.067,1.285,3.18,-0.02
paterson,per-pano,independent,loo,156,79,4.765,-1.635,7.614,28.748,5.646,2.396,0.302,1.4,3.447,-0.052
paterson,per-pano,independent,full_on_loo_rows,156,79,4.765,-1.635,7.188,22.973,5.152,2.168,0.067,1.285,3.18,-0.026
paterson,per-pano,box,full,89,80,4.639,-1.635,8.315,20.964,5.737,2.257,-0.375,1.119,2.358,0.145
paterson,per-pano,box,loo,88,79,4.765,-1.635,9.314,30.721,6.757,2.699,-0.208,1.338,2.66,0.121
paterson,per-pano,box,full_on_loo_rows,88,79,4.765,-1.635,8.315,20.964,5.737,2.257,-0.545,1.119,2.358,0.145
paterson,per-pano,missed,full,68,0,,,6.188,26.821,4.312,2.037,0.944,1.689,4.027,-0.434
paterson,per-pano,missed,loo,68,0,,,6.188,26.821,4.312,2.037,0.944,1.689,4.027,-0.434
paterson,per-pano,missed,full_on_loo_rows,68,0,,,6.188,26.821,4.312,2.037,0.944,1.689,4.027,-0.434
paterson,per-pano,peak,full,160,0,,,5.954,15.21,4.422,2.34,1.38,0.921,2.636,-0.448
paterson,per-pano,peak,loo,154,0,,,8.429,23.884,6.857,2.893,2.12,1.227,3.022,-0.657
paterson,per-pano,peak,full_on_loo_rows,154,0,,,6.208,15.408,4.736,2.419,1.641,0.962,2.715,-0.491
paterson,per-pano,box_on_detection,full,80,80,4.639,-1.635,8.313,20.964,5.037,2.608,-0.545,1.058,2.12,0.117
paterson,per-pano,box_on_detection,loo,79,79,4.765,-1.635,9.868,31.227,6.399,2.902,-0.093,1.33,2.588,0.121
paterson,per-pano,box_on_detection,full_on_loo_rows,79,79,4.765,-1.635,8.315,22.063,5.169,2.705,-0.545,1.07,2.146,0.145
gainesville,2.6m,independent,full,30,0,,,14.991,44.615,10.642,2.115,-0.679,1.897,3.741,0.261
gainesville,2.6m,independent,loo,30,0,,,14.991,44.615,10.642,2.115,-0.679,1.897,3.741,0.261
gainesville,2.6m,independent,full_on_loo_rows,30,0,,,14.991,44.615,10.642,2.115,-0.679,1.897,3.741,0.261
gainesville,2.6m,box,full,0,0,,,,,,,,,,
gainesville,2.6m,box,loo,0,0,,,,,,,,,,
gainesville,2.6m,box,full_on_loo_rows,0,0,,,,,,,,,,
gainesville,2.6m,missed,full,30,0,,,14.991,44.615,10.642,2.115,-0.679,1.897,3.741,0.261
gainesville,2.6m,missed,loo,30,0,,,14.991,44.615,10.642,2.115,-0.679,1.897,3.741,0.261
gainesville,2.6m,missed,full_on_loo_rows,30,0,,,14.991,44.615,10.642,2.115,-0.679,1.897,3.741,0.261
gainesville,2.6m,peak,full,172,0,,,6.364,17.133,4.602,2.09,-1.658,0.982,2.93,0.498
gainesville,2.6m,peak,loo,135,0,,,13.072,30.633,10.877,4.216,-3.274,1.808,3.818,1.264
gainesville,2.6m,peak,full_on_loo_rows,135,0,,,7.998,17.973,6.327,3.116,-2.534,1.217,3.143,0.901
gainesville,2.6m,box_on_detection,full,0,0,,,,,,,,,,
gainesville,2.6m,box_on_detection,loo,0,0,,,,,,,,,,
gainesville,2.6m,box_on_detection,full_on_loo_rows,0,0,,,,,,,,,,
gainesville,per-pano,independent,full,43,0,,,9.019,36.257,7.971,2.74,2.708,2.153,4.434,-1.445
gainesville,per-pano,independent,loo,43,0,,,9.019,36.257,7.971,2.74,2.708,2.153,4.434,-1.445
gainesville,per-pano,independent,full_on_loo_rows,43,0,,,9.019,36.257,7.971,2.74,2.708,2.153,4.434,-1.445
gainesville,per-pano,box,full,0,0,,,,,,,,,,
gainesville,per-pano,box,loo,0,0,,,,,,,,,,
gainesville,per-pano,box,full_on_loo_rows,0,0,,,,,,,,,,
gainesville,per-pano,missed,full,43,0,,,9.019,36.257,7.971,2.74,2.708,2.153,4.434,-1.445
gainesville,per-pano,missed,loo,43,0,,,9.019,36.257,7.971,2.74,2.708,2.153,4.434,-1.445
gainesville,per-pano,missed,full_on_loo_rows,43,0,,,9.019,36.257,7.971,2.74,2.708,2.153,4.434,-1.445
gainesville,per-pano,peak,full,180,0,,,5.565,16.962,4.328,2.361,0.747,0.863,2.991,-0.199
gainesville,per-pano,peak,loo,164,0,,,8.947,29.321,7.317,3.182,1.518,1.32,3.623,-0.427
gainesville,per-pano,peak,full_on_loo_rows,164,0,,,6.268,17.646,4.681,2.551,1.129,0.911,3.053,-0.347
gainesville,per-pano,box_on_detection,full,0,0,,,,,,,,,,
gainesville,per-pano,box_on_detection,loo,0,0,,,,,,,,,,
gainesville,per-pano,box_on_detection,full_on_loo_rows,0,0,,,,,,,,,,
sao_paulo,2.6m,independent,full,130,74,4.331,-1.24,7.709,30.972,5.879,2.495,-0.374,1.123,3.095,0.153
sao_paulo,2.6m,independent,loo,126,70,4.331,-1.261,9.315,35.305,7.185,2.599,-0.277,1.358,3.629,0.174
sao_paulo,2.6m,independent,full_on_loo_rows,126,70,4.331,-1.261,8.084,31.566,6.233,2.495,-0.374,1.125,3.225,0.175
sao_paulo,2.6m,box,full,97,74,4.331,-1.24,7.952,30.972,6.233,2.599,-0.869,1.106,3.023,0.243
sao_paulo,2.6m,box,loo,93,70,4.331,-1.261,9.694,36.067,7.674,3.266,-0.691,1.461,3.18,0.322
sao_paulo,2.6m,box,full_on_loo_rows,93,70,4.331,-1.261,8.181,30.972,7.044,2.599,-0.869,1.123,3.023,0.318
sao_paulo,2.6m,missed,full,33,0,,,6.32,33.454,5.31,1.889,0.135,1.358,3.969,-0.082
sao_paulo,2.6m,missed,loo,33,0,,,6.32,33.454,5.31,1.889,0.135,1.358,3.969,-0.082
sao_paulo,2.6m,missed,full_on_loo_rows,33,0,,,6.32,33.454,5.31,1.889,0.135,1.358,3.969,-0.082
sao_paulo,2.6m,peak,full,110,0,,,5.515,15.743,3.888,2.956,0.0,0.989,2.779,-0.0
sao_paulo,2.6m,peak,loo,105,0,,,7.61,26.321,5.749,3.56,0.18,1.383,3.745,0.036
sao_paulo,2.6m,peak,full_on_loo_rows,105,0,,,5.689,16.137,4.115,3.006,0.236,1.068,2.892,0.029
sao_paulo,2.6m,box_on_detection,full,74,74,4.331,-1.24,6.073,23.187,5.137,1.821,-0.82,0.903,2.244,0.2
sao_paulo,2.6m,box_on_detection,loo,70,70,4.331,-1.261,7.898,32.268,6.786,2.512,-0.609,1.141,2.625,0.238
sao_paulo,2.6m,box_on_detection,full_on_loo_rows,70,70,4.331,-1.261,6.402,23.187,5.772,1.821,-0.82,0.91,2.203,0.2
sao_paulo,per-pano,independent,full,135,74,4.331,-1.24,9.386,32.626,7.06,2.684,1.494,1.411,3.823,-0.256
sao_paulo,per-pano,independent,loo,127,66,4.331,-1.099,12.018,41.525,10.447,3.29,1.958,1.679,3.874,-0.389
sao_paulo,per-pano,independent,full_on_loo_rows,127,66,4.331,-1.099,10.312,33.37,8.508,2.684,1.798,1.415,3.858,-0.364
sao_paulo,per-pano,box,full,100,74,4.331,-1.24,10.163,33.37,8.421,2.684,0.563,1.319,3.567,-0.145
sao_paulo,per-pano,box,loo,92,66,4.331,-1.099,13.792,42.065,12.662,3.517,1.943,1.686,3.802,-0.274
sao_paulo,per-pano,box,full_on_loo_rows,92,66,4.331,-1.099,10.515,33.47,10.04,2.684,1.083,1.413,3.654,-0.183
sao_paulo,per-pano,missed,full,35,0,,,6.99,32.01,6.558,2.631,2.29,1.415,4.201,-0.878
sao_paulo,per-pano,missed,loo,35,0,,,6.99,32.01,6.558,2.631,2.29,1.415,4.201,-0.878
sao_paulo,per-pano,missed,full_on_loo_rows,35,0,,,6.99,32.01,6.558,2.631,2.29,1.415,4.201,-0.878
sao_paulo,per-pano,peak,full,110,0,,,7.216,15.031,5.135,3.08,1.984,1.137,3.327,-0.605
sao_paulo,per-pano,peak,loo,104,0,,,9.287,25.579,7.405,4.622,2.816,1.484,3.714,-0.82
sao_paulo,per-pano,peak,full_on_loo_rows,104,0,,,7.359,15.373,5.471,3.46,2.178,1.169,3.337,-0.644
sao_paulo,per-pano,box_on_detection,full,74,74,4.331,-1.24,9.386,28.793,7.727,2.35,0.563,1.08,2.595,-0.145
sao_paulo,per-pano,box_on_detection,loo,66,66,4.331,-1.099,13.792,38.984,12.662,3.651,1.958,1.539,2.979,-0.325
sao_paulo,per-pano,box_on_detection,full_on_loo_rows,66,66,4.331,-1.099,10.357,29.421,10.037,2.203,1.083,1.15,2.595,-0.183
richmond,2.6m,independent,full,229,202,4.556,-0.841,10.002,30.972,8.177,3.814,-1.893,1.817,5.041,0.577
richmond,2.6m,independent,loo,218,191,4.627,-0.972,12.272,39.107,10.298,4.329,-2.278,2.014,5.692,0.693
richmond,2.6m,independent,full_on_loo_rows,218,191,4.627,-0.972,10.806,32.096,8.71,4.056,-2.087,1.817,5.102,0.571
richmond,2.6m,box,full,228,202,4.556,-0.841,9.962,30.14,8.102,3.752,-1.893,1.815,5.041,0.571
richmond,2.6m,box,loo,217,191,4.627,-0.972,12.272,37.28,10.298,4.329,-2.2,2.014,5.692,0.693
richmond,2.6m,box,full_on_loo_rows,217,191,4.627,-0.972,10.806,30.972,8.71,4.056,-2.085,1.817,5.102,0.571
richmond,2.6m,missed,full,1,0,,,39.107,39.107,38.757,5.224,-5.224,2.171,2.171,1.148
richmond,2.6m,missed,loo,1,0,,,39.107,39.107,38.757,5.224,-5.224,2.171,2.171,1.148
richmond,2.6m,missed,full_on_loo_rows,1,0,,,39.107,39.107,38.757,5.224,-5.224,2.171,2.171,1.148
richmond,2.6m,peak,full,8,0,,,9.215,37.335,6.206,4.385,-2.562,2.075,6.274,0.124
richmond,2.6m,peak,loo,8,0,,,9.673,48.093,6.915,4.714,-2.948,2.497,6.421,0.122
richmond,2.6m,peak,full_on_loo_rows,8,0,,,9.215,37.335,6.206,4.385,-2.562,2.075,6.274,0.124
richmond,2.6m,box_on_detection,full,202,202,4.556,-0.841,9.499,28.817,7.388,3.814,-1.76,1.808,5.102,0.569
richmond,2.6m,box_on_detection,loo,191,191,4.627,-0.972,11.698,36.349,9.982,4.523,-2.2,1.987,5.772,0.664
richmond,2.6m,box_on_detection,full_on_loo_rows,191,191,4.627,-0.972,9.962,29.057,8.364,4.075,-1.893,1.811,5.21,0.569
clovis,2.6m,independent,full,30,0,,,9.216,23.512,8.122,3.537,0.716,1.655,3.67,-0.374
clovis,2.6m,independent,loo,30,0,,,9.216,23.512,8.122,3.537,0.716,1.655,3.67,-0.374
clovis,2.6m,independent,full_on_loo_rows,30,0,,,9.216,23.512,8.122,3.537,0.716,1.655,3.67,-0.374
clovis,2.6m,box,full,0,0,,,,,,,,,,
clovis,2.6m,box,loo,0,0,,,,,,,,,,
clovis,2.6m,box,full_on_loo_rows,0,0,,,,,,,,,,
clovis,2.6m,missed,full,30,0,,,9.216,23.512,8.122,3.537,0.716,1.655,3.67,-0.374
clovis,2.6m,missed,loo,30,0,,,9.216,23.512,8.122,3.537,0.716,1.655,3.67,-0.374
clovis,2.6m,missed,full_on_loo_rows,30,0,,,9.216,23.512,8.122,3.537,0.716,1.655,3.67,-0.374
clovis,2.6m,peak,full,132,0,,,8.158,21.295,5.855,2.807,-0.801,1.312,4.258,0.243
clovis,2.6m,peak,loo,121,0,,,10.846,36.959,9.217,4.029,-1.572,1.871,5.232,0.442
clovis,2.6m,peak,full_on_loo_rows,121,0,,,8.554,27.141,6.597,3.139,-1.484,1.558,4.487,0.382
clovis,2.6m,box_on_detection,full,0,0,,,,,,,,,,
clovis,2.6m,box_on_detection,loo,0,0,,,,,,,,,,
clovis,2.6m,box_on_detection,full_on_loo_rows,0,0,,,,,,,,,,
laurens,2.6m,independent,full,72,0,,,17.731,54.104,15.247,5.678,2.274,2.812,4.425,-0.713
laurens,2.6m,independent,loo,72,0,,,17.731,54.104,15.247,5.678,2.274,2.812,4.425,-0.713
laurens,2.6m,independent,full_on_loo_rows,72,0,,,17.731,54.104,15.247,5.678,2.274,2.812,4.425,-0.713
laurens,2.6m,box,full,0,0,,,,,,,,,,
laurens,2.6m,box,loo,0,0,,,,,,,,,,
laurens,2.6m,box,full_on_loo_rows,0,0,,,,,,,,,,
laurens,2.6m,missed,full,72,0,,,17.731,54.104,15.247,5.678,2.274,2.812,4.425,-0.713
laurens,2.6m,missed,loo,72,0,,,17.731,54.104,15.247,5.678,2.274,2.812,4.425,-0.713
laurens,2.6m,missed,full_on_loo_rows,72,0,,,17.731,54.104,15.247,5.678,2.274,2.812,4.425,-0.713
laurens,2.6m,peak,full,97,0,,,10.66,41.986,10.069,3.714,1.94,1.768,4.092,-0.349
laurens,2.6m,peak,loo,92,0,,,13.195,56.423,12.789,4.934,2.433,2.488,5.289,-0.737
laurens,2.6m,peak,full_on_loo_rows,92,0,,,10.788,41.986,10.251,3.913,2.124,1.823,4.092,-0.551
laurens,2.6m,box_on_detection,full,0,0,,,,,,,,,,
laurens,2.6m,box_on_detection,loo,0,0,,,,,,,,,,
laurens,2.6m,box_on_detection,full_on_loo_rows,0,0,,,,,,,,,,
laurens_gsv,2.6m,independent,full,52,0,,,9.956,37.091,9.098,2.266,0.98,1.267,2.86,-0.296
laurens_gsv,2.6m,independent,loo,52,0,,,9.956,37.091,9.098,2.266,0.98,1.267,2.86,-0.296
laurens_gsv,2.6m,independent,full_on_loo_rows,52,0,,,9.956,37.091,9.098,2.266,0.98,1.267,2.86,-0.296
laurens_gsv,2.6m,box,full,0,0,,,,,,,,,,
laurens_gsv,2.6m,box,loo,0,0,,,,,,,,,,
laurens_gsv,2.6m,box,full_on_loo_rows,0,0,,,,,,,,,,
laurens_gsv,2.6m,missed,full,52,0,,,9.956,37.091,9.098,2.266,0.98,1.267,2.86,-0.296
laurens_gsv,2.6m,missed,loo,52,0,,,9.956,37.091,9.098,2.266,0.98,1.267,2.86,-0.296
laurens_gsv,2.6m,missed,full_on_loo_rows,52,0,,,9.956,37.091,9.098,2.266,0.98,1.267,2.86,-0.296
laurens_gsv,2.6m,peak,full,108,0,,,3.458,9.035,2.055,1.428,-0.0,0.603,2.425,-0.0
laurens_gsv,2.6m,peak,loo,89,0,,,6.122,19.895,5.077,2.484,-0.222,1.097,3.358,0.067
laurens_gsv,2.6m,peak,full_on_loo_rows,89,0,,,4.011,9.877,2.861,1.778,-0.169,0.747,2.642,0.056
laurens_gsv,2.6m,box_on_detection,full,0,0,,,,,,,,,,
laurens_gsv,2.6m,box_on_detection,loo,0,0,,,,,,,,,,
laurens_gsv,2.6m,box_on_detection,full_on_loo_rows,0,0,,,,,,,,,,
annapolis,2.6m,independent,full,124,93,6.345,-1.184,11.707,30.787,9.37,5.007,-3.391,1.867,4.642,0.879
annapolis,2.6m,independent,loo,123,92,6.345,-1.33,13.67,34.087,10.848,5.429,-3.991,2.112,4.821,1.106
annapolis,2.6m,independent,full_on_loo_rows,123,92,6.345,-1.33,11.74,30.787,9.496,5.104,-3.391,1.899,4.642,0.889
annapolis,2.6m,box,full,108,93,6.345,-1.184,10.966,31.544,7.985,5.159,-4.523,1.867,4.778,1.046
annapolis,2.6m,box,loo,107,92,6.345,-1.33,12.429,38.318,9.289,5.843,-4.994,2.112,5.246,1.251
annapolis,2.6m,box,full_on_loo_rows,107,92,6.345,-1.33,11.151,31.544,9.181,5.645,-4.523,1.899,4.778,1.074
annapolis,2.6m,missed,full,16,0,,,20.871,28.793,18.291,2.21,0.847,1.829,4.465,-0.652
annapolis,2.6m,missed,loo,16,0,,,20.871,28.793,18.291,2.21,0.847,1.829,4.465,-0.652
annapolis,2.6m,missed,full_on_loo_rows,16,0,,,20.871,28.793,18.291,2.21,0.847,1.829,4.465,-0.652
annapolis,2.6m,peak,full,101,0,,,10.41,25.217,6.42,4.475,-3.237,1.397,5.194,0.659
annapolis,2.6m,peak,loo,100,0,,,12.058,30.109,7.829,5.082,-4.011,1.616,5.598,0.718
annapolis,2.6m,peak,full_on_loo_rows,100,0,,,10.41,25.217,6.42,4.475,-3.477,1.397,5.194,0.659
annapolis,2.6m,box_on_detection,full,93,93,6.345,-1.184,11.151,31.544,9.203,6.02,-5.702,1.908,5.068,1.287
annapolis,2.6m,box_on_detection,loo,92,92,6.345,-1.33,12.429,40.992,9.324,6.42,-6.221,2.125,5.536,1.406
annapolis,2.6m,box_on_detection,full_on_loo_rows,92,92,6.345,-1.33,11.151,31.544,9.203,6.02,-5.97,1.908,5.068,1.287
morgantown,2.6m,independent,full,50,0,,,14.193,37.896,11.252,4.316,-0.366,1.634,3.306,0.141
morgantown,2.6m,independent,loo,50,0,,,14.193,37.896,11.252,4.316,-0.366,1.634,3.306,0.141
morgantown,2.6m,independent,full_on_loo_rows,50,0,,,14.193,37.896,11.252,4.316,-0.366,1.634,3.306,0.141
morgantown,2.6m,box,full,0,0,,,,,,,,,,
morgantown,2.6m,box,loo,0,0,,,,,,,,,,
morgantown,2.6m,box,full_on_loo_rows,0,0,,,,,,,,,,
morgantown,2.6m,missed,full,50,0,,,14.193,37.896,11.252,4.316,-0.366,1.634,3.306,0.141
morgantown,2.6m,missed,loo,50,0,,,14.193,37.896,11.252,4.316,-0.366,1.634,3.306,0.141
morgantown,2.6m,missed,full_on_loo_rows,50,0,,,14.193,37.896,11.252,4.316,-0.366,1.634,3.306,0.141
morgantown,2.6m,peak,full,188,0,,,8.704,27.104,7.273,2.902,-1.72,1.013,3.36,0.38
morgantown,2.6m,peak,loo,184,0,,,11.232,33.996,8.832,3.479,-2.059,1.212,3.944,0.541
morgantown,2.6m,peak,full_on_loo_rows,184,0,,,8.768,27.104,7.319,2.94,-1.955,1.05,3.36,0.462
morgantown,2.6m,box_on_detection,full,0,0,,,,,,,,,,
morgantown,2.6m,box_on_detection,loo,0,0,,,,,,,,,,
morgantown,2.6m,box_on_detection,full_on_loo_rows,0,0,,,,,,,,,,
ALL,2.6m,independent,full,888,445,4.675,-1.216,10.619,35.617,8.767,3.46,-1.019,1.714,4.193,0.425
ALL,2.6m,independent,loo,866,423,4.772,-1.234,11.768,40.35,9.949,3.711,-1.084,1.891,4.406,0.45
ALL,2.6m,independent,full_on_loo_rows,866,423,4.772,-1.234,10.806,35.701,9.056,3.543,-1.04,1.725,4.214,0.426
ALL,2.6m,box,full,512,445,4.675,-1.216,9.663,29.066,7.646,3.702,-1.828,1.616,4.369,0.605
ALL,2.6m,box,loo,490,423,4.772,-1.234,11.644,36.349,9.646,4.142,-2.191,1.882,4.824,0.722
ALL,2.6m,box,full_on_loo_rows,490,423,4.772,-1.234,10.002,30.079,8.192,3.744,-1.901,1.666,4.408,0.645
ALL,2.6m,missed,full,376,0,,,12.0,43.013,10.331,3.234,0.108,1.897,3.868,-0.003
ALL,2.6m,missed,loo,376,0,,,12.0,43.013,10.331,3.234,0.108,1.897,3.868,-0.003
ALL,2.6m,missed,full_on_loo_rows,376,0,,,12.0,43.013,10.331,3.234,0.108,1.897,3.868,-0.003
ALL,2.6m,peak,full,1315,0,,,6.487,19.087,4.45,2.541,-0.695,1.034,3.294,0.223
ALL,2.6m,peak,loo,1209,0,,,9.497,29.274,7.285,3.509,-1.345,1.523,4.177,0.436
ALL,2.6m,peak,full_on_loo_rows,1209,0,,,7.11,19.837,5.225,2.852,-1.152,1.146,3.41,0.357
ALL,2.6m,box_on_detection,full,445,445,4.675,-1.216,9.276,28.175,7.356,3.714,-1.828,1.566,4.408,0.609
ALL,2.6m,box_on_detection,loo,423,423,4.772,-1.234,11.236,36.873,9.324,4.339,-2.248,1.862,5.218,0.751
ALL,2.6m,box_on_detection,full_on_loo_rows,423,423,4.772,-1.234,9.732,28.267,7.876,3.757,-1.901,1.603,4.427,0.653
ALL,per-pano,independent,full,380,154,4.422,-1.444,7.471,28.793,5.737,2.38,1.025,1.411,3.686,-0.301
ALL,per-pano,independent,loo,371,145,4.639,-1.395,8.93,32.626,6.853,2.64,1.351,1.592,3.802,-0.388
ALL,per-pano,independent,full_on_loo_rows,371,145,4.639,-1.395,7.789,28.812,6.171,2.38,1.105,1.427,3.707,-0.32
ALL,per-pano,box,full,189,154,4.422,-1.444,8.438,28.793,7.06,2.591,-0.031,1.249,2.922,0.048
ALL,per-pano,box,loo,180,145,4.639,-1.395,11.299,37.556,10.163,3.069,0.662,1.534,3.174,-0.069
ALL,per-pano,box,full_on_loo_rows,180,145,4.639,-1.395,9.042,28.793,8.246,2.591,0.057,1.272,2.922,-0.024
ALL,per-pano,missed,full,191,0,,,6.434,28.812,5.226,2.289,1.745,1.765,4.021,-0.701
ALL,per-pano,missed,loo,191,0,,,6.434,28.812,5.226,2.289,1.745,1.765,4.021,-0.701
ALL,per-pano,missed,full_on_loo_rows,191,0,,,6.434,28.812,5.226,2.289,1.745,1.765,4.021,-0.701
ALL,per-pano,peak,full,693,0,,,5.657,15.0,4.108,2.381,1.178,0.887,2.604,-0.308
ALL,per-pano,peak,loo,649,0,,,8.088,24.46,6.28,3.11,2.039,1.279,3.186,-0.528
ALL,per-pano,peak,full_on_loo_rows,649,0,,,5.878,15.373,4.397,2.551,1.547,0.951,2.685,-0.39
ALL,per-pano,box_on_detection,full,154,154,4.422,-1.444,8.355,25.757,5.283,2.432,-0.031,1.07,2.358,0.042
ALL,per-pano,box_on_detection,loo,145,145,4.639,-1.395,11.422,33.963,10.207,3.146,0.888,1.342,2.792,-0.069
ALL,per-pano,box_on_detection,full_on_loo_rows,145,145,4.639,-1.395,8.954,25.818,7.727,2.432,0.067,1.119,2.335,-0.024
ALL_PER_PANO_CITIES,2.6m,independent,full,331,150,4.411,-1.49,8.758,33.454,7.154,2.652,-1.072,1.483,3.564,0.473
ALL_PER_PANO_CITIES,2.6m,independent,loo,321,140,4.422,-1.49,9.755,39.268,7.856,2.717,-1.134,1.653,3.757,0.511
ALL_PER_PANO_CITIES,2.6m,independent,full_on_loo_rows,321,140,4.422,-1.49,8.982,34.657,7.477,2.631,-1.072,1.499,3.57,0.48
ALL_PER_PANO_CITIES,2.6m,box,full,176,150,4.411,-1.49,8.406,28.175,7.06,2.767,-1.155,1.19,3.13,0.467
ALL_PER_PANO_CITIES,2.6m,box,loo,166,140,4.422,-1.49,10.586,36.067,8.433,3.266,-1.222,1.563,3.668,0.566
ALL_PER_PANO_CITIES,2.6m,box,full_on_loo_rows,166,140,4.422,-1.49,8.604,28.179,7.192,2.736,-1.155,1.28,3.225,0.468
ALL_PER_PANO_CITIES,2.6m,missed,full,155,0,,,9.249,40.413,7.591,2.494,-0.826,1.81,3.868,0.496
ALL_PER_PANO_CITIES,2.6m,missed,loo,155,0,,,9.249,40.413,7.591,2.494,-0.826,1.81,3.868,0.496
ALL_PER_PANO_CITIES,2.6m,missed,full_on_loo_rows,155,0,,,9.249,40.413,7.591,2.494,-0.826,1.81,3.868,0.496
ALL_PER_PANO_CITIES,2.6m,peak,full,681,0,,,5.316,15.171,3.683,2.361,-0.758,0.958,2.959,0.265
ALL_PER_PANO_CITIES,2.6m,peak,loo,615,0,,,8.259,26.211,6.165,3.276,-1.363,1.456,3.736,0.509
ALL_PER_PANO_CITIES,2.6m,peak,full_on_loo_rows,615,0,,,5.849,15.761,4.15,2.71,-1.165,1.06,3.13,0.396
ALL_PER_PANO_CITIES,2.6m,box_on_detection,full,150,150,4.411,-1.49,7.709,21.327,5.895,2.652,-1.112,1.1,3.095,0.411
ALL_PER_PANO_CITIES,2.6m,box_on_detection,loo,140,140,4.422,-1.49,9.694,32.268,7.674,3.211,-1.205,1.464,3.664,0.495
ALL_PER_PANO_CITIES,2.6m,box_on_detection,full_on_loo_rows,140,140,4.422,-1.49,8.181,23.187,6.415,2.631,-1.112,1.134,3.13,0.425
ALL_PER_PANO_CITIES,per-pano,independent,full,380,154,4.422,-1.444,7.471,28.793,5.737,2.38,1.025,1.411,3.686,-0.301
ALL_PER_PANO_CITIES,per-pano,independent,loo,371,145,4.639,-1.395,8.93,32.626,6.853,2.64,1.351,1.592,3.802,-0.388
ALL_PER_PANO_CITIES,per-pano,independent,full_on_loo_rows,371,145,4.639,-1.395,7.789,28.812,6.171,2.38,1.105,1.427,3.707,-0.32
ALL_PER_PANO_CITIES,per-pano,box,full,189,154,4.422,-1.444,8.438,28.793,7.06,2.591,-0.031,1.249,2.922,0.048
ALL_PER_PANO_CITIES,per-pano,box,loo,180,145,4.639,-1.395,11.299,37.556,10.163,3.069,0.662,1.534,3.174,-0.069
ALL_PER_PANO_CITIES,per-pano,box,full_on_loo_rows,180,145,4.639,-1.395,9.042,28.793,8.246,2.591,0.057,1.272,2.922,-0.024
ALL_PER_PANO_CITIES,per-pano,missed,full,191,0,,,6.434,28.812,5.226,2.289,1.745,1.765,4.021,-0.701
ALL_PER_PANO_CITIES,per-pano,missed,loo,191,0,,,6.434,28.812,5.226,2.289,1.745,1.765,4.021,-0.701
ALL_PER_PANO_CITIES,per-pano,missed,full_on_loo_rows,191,0,,,6.434,28.812,5.226,2.289,1.745,1.765,4.021,-0.701
ALL_PER_PANO_CITIES,per-pano,peak,full,693,0,,,5.657,15.0,4.108,2.381,1.178,0.887,2.604,-0.308
ALL_PER_PANO_CITIES,per-pano,peak,loo,649,0,,,8.088,24.46,6.28,3.11,2.039,1.279,3.186,-0.528
ALL_PER_PANO_CITIES,per-pano,peak,full_on_loo_rows,649,0,,,5.878,15.373,4.397,2.551,1.547,0.951,2.685,-0.39
ALL_PER_PANO_CITIES,per-pano,box_on_detection,full,154,154,4.422,-1.444,8.355,25.757,5.283,2.432,-0.031,1.07,2.358,0.042
ALL_PER_PANO_CITIES,per-pano,box_on_detection,loo,145,145,4.639,-1.395,11.422,33.963,10.207,3.146,0.888,1.342,2.792,-0.069
ALL_PER_PANO_CITIES,per-pano,box_on_detection,full_on_loo_rows,145,145,4.639,-1.395,8.954,25.818,7.727,2.432,0.067,1.119,2.335,-0.024
