city,height_model,dimension,bucket,n_views,n_sites,n_projected,px_p50,px_p90,abs_dx_px_p50,abs_dx_px_p90,abs_dy_px_p50,abs_dy_px_p90,dist_m_p50,dist_m_p90,along_m_median,abs_along_m_p50,abs_along_m_p90,abs_cross_m_p50,abs_cross_m_p90
bend,2.6m,range_m,0-8,9565,7237,9565,11.697,33.532,9.698,31.629,3.877,12.336,0.612,1.53,-0.063,0.358,1.118,0.343,1.028
bend,2.6m,range_m,8-12,14464,8348,14464,6.519,16.37,5.111,15.544,2.525,6.544,0.859,1.997,0.099,0.661,1.802,0.319,0.967
bend,2.6m,range_m,12-18,9939,6835,9939,5.247,11.703,3.707,10.989,2.327,5.709,1.442,2.999,0.704,1.283,2.878,0.331,0.988
bend,2.6m,range_m,18-25,9320,6473,9320,4.756,10.092,3.06,9.289,2.251,5.569,2.495,4.791,1.997,2.31,4.745,0.361,1.111
bend,2.6m,source,launch,43288,9709,43288,6.265,18.637,4.712,17.359,2.616,7.051,1.071,3.196,0.274,0.838,3.052,0.336,1.018
bend,2.6m,delta_months,0,36699,9709,36699,6.189,18.191,4.666,17.034,2.566,6.869,1.05,3.179,0.303,0.82,3.034,0.332,1.0
bend,2.6m,delta_months,1-18,4123,1856,4123,6.184,18.343,4.588,17.431,2.635,6.853,1.141,3.327,0.346,0.89,3.259,0.34,1.03
bend,2.6m,delta_months,19-36,33,19,33,6.3,19.181,4.677,18.298,3.183,8.473,1.479,4.812,-0.066,1.254,4.698,0.393,1.109
bend,2.6m,delta_months,>36,2433,1513,2433,8.198,23.432,5.876,21.078,3.458,11.137,1.291,3.161,-0.423,1.038,2.961,0.415,1.207
bend,2.6m,n_views,3,7233,2411,7233,7.505,23.853,5.938,22.607,2.847,8.002,1.086,3.011,0.167,0.777,2.754,0.385,1.228
bend,2.6m,n_views,4-5,24447,5485,24447,6.271,18.201,4.694,16.955,2.632,7.061,1.032,3.148,0.277,0.81,3.005,0.331,0.972
bend,2.6m,n_views,6+,11608,1813,11608,5.698,15.758,4.174,14.62,2.448,6.499,1.153,3.399,0.349,0.948,3.288,0.32,0.966
bend,per-pano,range_m,0-8,11631,8024,11631,12.747,33.634,9.833,30.933,5.763,13.813,0.81,1.778,-0.501,0.57,1.486,0.372,1.057
bend,per-pano,range_m,8-12,12350,7725,12350,6.987,16.173,5.243,15.462,2.918,6.957,0.994,2.308,-0.612,0.795,2.112,0.339,0.992
bend,per-pano,range_m,12-18,10071,6928,10071,5.106,11.443,3.925,11.006,2.069,4.821,1.267,2.942,-0.343,1.091,2.78,0.346,0.977
bend,per-pano,range_m,18-25,9230,6417,9230,4.166,9.067,3.032,8.504,1.789,4.323,1.909,4.017,0.734,1.755,3.962,0.356,0.992
bend,per-pano,source,launch,43282,9742,43282,6.563,19.744,4.907,17.931,2.787,8.223,1.107,2.876,-0.408,0.894,2.722,0.353,1.006
bend,per-pano,delta_months,0,36741,9742,36741,6.455,19.357,4.837,17.663,2.752,8.026,1.089,2.85,-0.399,0.883,2.697,0.348,0.989
bend,per-pano,delta_months,1-18,4103,1852,4103,6.483,19.994,4.874,18.318,2.724,7.988,1.141,2.911,-0.356,0.898,2.776,0.355,1.022
bend,per-pano,delta_months,19-36,34,21,34,5.829,24.673,3.146,13.176,3.017,13.343,1.556,3.51,-0.399,1.39,3.053,0.215,0.659
bend,per-pano,delta_months,>36,2404,1504,2404,8.566,24.491,6.437,21.994,3.664,11.33,1.305,3.075,-0.678,1.064,2.864,0.426,1.219
bend,per-pano,n_views,3,7278,2426,7278,8.334,25.71,6.701,23.788,3.121,9.481,1.157,2.803,-0.434,0.868,2.559,0.429,1.288
bend,per-pano,n_views,4-5,24821,5559,24821,6.567,19.152,4.875,17.388,2.828,8.274,1.081,2.807,-0.412,0.878,2.645,0.345,0.967
bend,per-pano,n_views,6+,11183,1757,11183,5.702,16.366,4.17,14.869,2.51,7.278,1.132,3.078,-0.386,0.955,2.954,0.325,0.912
paterson,2.6m,range_m,0-8,3636,2879,3636,16.132,42.236,13.084,40.272,5.44,15.65,0.983,2.155,0.076,0.601,1.693,0.494,1.446
paterson,2.6m,range_m,8-12,6900,3973,6900,10.635,27.203,8.493,26.0,3.914,10.615,1.357,2.771,0.474,1.03,2.478,0.51,1.455
paterson,2.6m,range_m,12-18,4261,2998,4261,7.54,17.584,5.883,16.679,2.914,7.769,1.86,3.723,1.166,1.598,3.569,0.505,1.426
paterson,2.6m,range_m,18-25,5230,3489,5230,5.903,13.105,4.409,12.335,2.508,6.133,2.769,5.289,2.275,2.594,5.226,0.524,1.434
paterson,2.6m,source,launch,20027,4565,20027,8.837,25.518,6.919,23.8,3.417,9.688,1.582,3.865,0.747,1.264,3.703,0.51,1.442
paterson,2.6m,delta_months,0,12199,4565,12199,9.406,26.428,7.192,24.444,3.916,10.468,1.786,4.109,1.222,1.478,3.977,0.523,1.491
paterson,2.6m,delta_months,1-18,3413,1803,3413,8.223,24.64,6.884,23.707,2.684,7.771,1.367,3.414,0.28,1.028,3.208,0.536,1.413
paterson,2.6m,delta_months,19-36,370,243,370,5.889,17.88,4.579,16.916,2.034,6.733,1.007,2.975,-0.004,0.798,2.833,0.374,1.081
paterson,2.6m,delta_months,>36,4045,2134,4045,8.134,23.896,6.386,22.261,2.904,8.962,1.308,3.264,0.01,0.992,3.139,0.469,1.337
paterson,2.6m,n_views,3,3936,1312,3936,11.424,35.693,9.629,33.628,3.597,10.874,1.75,3.796,0.774,1.278,3.484,0.676,1.935
paterson,2.6m,n_views,4-5,10785,2428,10785,9.047,25.279,7.056,23.526,3.549,9.823,1.577,3.881,0.801,1.26,3.75,0.515,1.409
paterson,2.6m,n_views,6+,5306,825,5306,7.206,17.856,5.463,16.16,3.068,8.514,1.459,3.899,0.625,1.26,3.812,0.424,1.127
paterson,per-pano,range_m,0-8,6381,4154,6381,14.33,36.117,11.776,33.962,5.732,12.992,1.006,2.174,-0.601,0.705,1.844,0.484,1.275
paterson,per-pano,range_m,8-12,7093,4185,7093,7.689,18.006,6.038,17.38,3.139,7.049,1.216,2.678,-0.799,0.986,2.523,0.396,1.132
paterson,per-pano,range_m,12-18,6008,3819,6008,5.257,12.395,4.157,12.019,2.063,4.705,1.562,3.607,-0.554,1.381,3.507,0.397,1.107
paterson,per-pano,range_m,18-25,3716,2774,3716,4.338,9.491,3.365,9.06,1.683,4.111,2.005,4.781,0.638,1.858,4.725,0.414,1.08
paterson,per-pano,source,launch,23198,5030,23198,7.328,21.913,5.712,20.61,2.892,8.309,1.296,3.19,-0.568,1.05,3.048,0.42,1.162
paterson,per-pano,delta_months,0,14817,5030,14817,7.23,21.741,5.725,20.649,2.81,7.813,1.288,3.282,-0.546,1.042,3.13,0.416,1.157
paterson,per-pano,delta_months,1-18,3778,1997,3778,6.869,20.73,5.126,18.965,2.835,8.811,1.279,3.078,-0.521,1.053,2.961,0.403,1.104
paterson,per-pano,delta_months,19-36,352,224,352,7.274,20.698,5.353,19.393,2.975,9.173,1.335,3.01,-0.814,1.075,2.876,0.405,1.116
paterson,per-pano,delta_months,>36,4251,2248,4251,7.978,23.701,6.276,21.785,3.227,9.639,1.339,3.037,-0.643,1.064,2.897,0.448,1.258
paterson,per-pano,n_views,3,3483,1161,3483,9.313,28.812,7.483,27.558,3.162,9.233,1.328,3.238,-0.441,0.976,2.954,0.508,1.528
paterson,per-pano,n_views,4-5,12092,2691,12092,7.526,22.432,5.846,21.052,2.929,8.612,1.277,3.082,-0.581,1.023,2.951,0.417,1.16
paterson,per-pano,n_views,6+,7623,1178,7623,6.438,17.391,4.942,16.053,2.699,7.492,1.315,3.34,-0.612,1.129,3.259,0.391,1.005
gainesville,2.6m,range_m,0-8,1418,1138,1418,19.65,50.917,15.407,47.015,7.472,21.042,1.164,2.489,0.276,0.797,2.029,0.54,1.585
gainesville,2.6m,range_m,8-12,2844,1709,2844,12.387,30.623,9.515,28.773,4.763,12.624,1.612,3.113,0.856,1.247,2.845,0.567,1.599
gainesville,2.6m,range_m,12-18,2019,1397,2019,8.23,19.944,6.516,19.258,3.421,7.989,2.158,3.896,1.354,1.889,3.665,0.554,1.677
gainesville,2.6m,range_m,18-25,2364,1442,2364,6.537,14.623,4.869,13.989,2.606,6.364,2.935,5.438,2.295,2.697,5.356,0.571,1.66
gainesville,2.6m,source,launch,8645,2057,8645,9.803,28.337,7.562,26.344,3.876,11.419,1.9,4.113,1.058,1.552,3.944,0.561,1.634
gainesville,2.6m,delta_months,0,5942,2057,5942,10.193,29.175,7.696,26.9,4.28,12.062,2.052,4.295,1.429,1.715,4.147,0.572,1.671
gainesville,2.6m,delta_months,1-18,1567,649,1567,8.341,25.046,6.648,23.823,2.953,8.806,1.657,3.888,0.512,1.295,3.682,0.524,1.575
gainesville,2.6m,delta_months,19-36,547,362,547,8.758,27.137,7.255,26.564,3.089,9.009,1.454,3.419,0.41,1.079,3.239,0.545,1.572
gainesville,2.6m,delta_months,>36,589,397,589,10.325,32.124,8.691,29.459,3.752,11.835,1.497,3.369,-0.371,1.141,3.137,0.569,1.481
gainesville,2.6m,n_views,3,2619,873,2619,12.645,37.063,10.152,35.359,4.264,12.593,2.072,4.052,1.065,1.552,3.727,0.71,2.053
gainesville,2.6m,n_views,4-5,3769,866,3769,9.775,26.922,7.582,25.456,3.839,11.194,1.861,4.146,1.081,1.548,4.001,0.567,1.53
gainesville,2.6m,n_views,6+,2257,318,2257,7.939,19.839,5.55,16.998,3.526,10.241,1.744,4.212,0.976,1.552,4.152,0.435,1.214
gainesville,per-pano,range_m,0-8,2970,1931,2970,14.555,37.591,10.959,35.491,6.344,14.831,1.078,2.391,-0.701,0.803,2.077,0.447,1.291
gainesville,per-pano,range_m,8-12,3388,2010,3388,8.151,20.247,6.575,19.206,3.201,7.374,1.303,3.011,-0.672,1.056,2.822,0.428,1.225
gainesville,per-pano,range_m,12-18,3261,1923,3261,5.711,14.314,4.566,13.922,2.181,4.917,1.725,3.752,-0.499,1.51,3.636,0.429,1.268
gainesville,per-pano,range_m,18-25,1559,1096,1559,4.806,11.058,3.671,10.756,1.935,4.673,2.502,5.437,1.431,2.314,5.303,0.446,1.292
gainesville,per-pano,source,launch,11178,2486,11178,7.737,23.115,6.025,21.39,3.023,8.969,1.454,3.542,-0.53,1.183,3.386,0.434,1.267
gainesville,per-pano,delta_months,0,8036,2486,8036,7.85,23.329,6.208,21.586,3.046,8.935,1.479,3.556,-0.584,1.199,3.376,0.44,1.274
gainesville,per-pano,delta_months,1-18,1910,777,1910,7.021,21.289,5.282,19.994,2.821,7.869,1.417,3.565,-0.175,1.17,3.475,0.404,1.233
gainesville,per-pano,delta_months,19-36,597,396,597,7.29,21.847,5.422,19.186,2.904,9.142,1.286,3.413,-0.595,1.017,3.247,0.413,1.215
gainesville,per-pano,delta_months,>36,635,435,635,9.185,26.137,6.769,23.43,4.146,11.678,1.442,3.44,-0.685,1.169,3.362,0.481,1.365
gainesville,per-pano,n_views,3,2514,838,2514,9.775,30.494,7.978,28.763,3.533,10.381,1.52,3.432,-0.55,1.153,3.142,0.529,1.613
gainesville,per-pano,n_views,4-5,4891,1117,4891,7.887,23.127,6.226,21.695,3.021,9.126,1.421,3.429,-0.536,1.148,3.278,0.44,1.247
gainesville,per-pano,n_views,6+,3773,531,3773,6.65,17.929,4.899,16.483,2.811,7.794,1.453,3.743,-0.513,1.263,3.647,0.383,1.077
sao_paulo,2.6m,range_m,0-8,2631,1635,2631,14.276,37.906,12.151,35.826,4.281,13.871,0.791,1.863,-0.054,0.457,1.416,0.447,1.303
sao_paulo,2.6m,range_m,8-12,4218,2073,4218,7.847,20.092,6.022,19.174,3.066,7.803,1.057,2.523,-0.216,0.809,2.244,0.383,1.194
sao_paulo,2.6m,range_m,12-18,2752,1704,2752,5.855,15.393,4.531,14.951,2.163,5.32,1.502,3.29,-0.17,1.221,3.109,0.43,1.434
sao_paulo,2.6m,range_m,18-25,2661,1626,2661,5.223,12.802,4.097,12.434,1.963,4.826,2.314,4.561,1.213,2.076,4.454,0.518,1.563
sao_paulo,2.6m,source,launch,12262,2371,12262,7.356,22.702,5.836,21.294,2.718,7.778,1.242,3.295,-0.003,0.936,3.083,0.432,1.348
sao_paulo,2.6m,delta_months,0,6601,2371,6601,7.409,22.857,5.979,21.615,2.765,7.873,1.258,3.344,0.012,0.944,3.147,0.438,1.337
sao_paulo,2.6m,delta_months,1-18,4395,1698,4395,6.973,21.602,5.479,19.924,2.602,7.164,1.206,3.241,-0.005,0.922,3.012,0.413,1.331
sao_paulo,2.6m,delta_months,19-36,654,405,654,8.094,24.887,6.556,22.653,2.664,8.816,1.217,3.022,0.182,0.871,2.791,0.458,1.412
sao_paulo,2.6m,delta_months,>36,612,360,612,8.672,25.19,7.099,23.867,3.197,9.816,1.366,3.365,-0.318,0.996,3.118,0.51,1.433
sao_paulo,2.6m,n_views,3,1782,594,1782,8.71,26.566,7.324,25.334,2.881,8.492,1.446,3.533,0.169,1.02,3.209,0.534,1.667
sao_paulo,2.6m,n_views,4-5,4260,966,4260,8.223,25.024,6.644,23.809,2.849,8.449,1.307,3.272,0.017,0.951,3.012,0.482,1.478
sao_paulo,2.6m,n_views,6+,6220,811,6220,6.579,19.469,5.001,18.307,2.576,7.028,1.163,3.232,-0.066,0.902,3.083,0.38,1.157
sao_paulo,per-pano,range_m,0-8,3203,1837,3203,16.436,42.736,13.478,40.91,6.502,14.965,1.062,2.385,-0.459,0.686,1.924,0.536,1.486
sao_paulo,per-pano,range_m,8-12,3551,1935,3551,9.374,22.607,7.453,21.738,3.822,8.473,1.335,2.919,-0.664,1.036,2.672,0.478,1.398
sao_paulo,per-pano,range_m,12-18,2973,1778,2973,6.443,15.903,5.042,15.308,2.54,5.454,1.779,3.624,-0.901,1.494,3.483,0.488,1.443
sao_paulo,per-pano,range_m,18-25,2087,1421,2087,4.955,12.281,4.087,12.046,1.77,4.24,2.042,4.426,0.374,1.786,4.267,0.488,1.451
sao_paulo,per-pano,source,launch,11814,2389,11814,8.715,26.601,6.915,25.075,3.266,9.532,1.44,3.331,-0.534,1.109,3.123,0.494,1.439
sao_paulo,per-pano,delta_months,0,6357,2389,6357,8.986,26.907,7.101,25.385,3.48,9.863,1.518,3.375,-0.737,1.182,3.184,0.503,1.443
sao_paulo,per-pano,delta_months,1-18,4249,1682,4249,8.099,25.197,6.534,23.182,2.921,8.492,1.323,3.291,-0.234,1.011,3.075,0.479,1.411
sao_paulo,per-pano,delta_months,19-36,604,379,604,9.234,30.31,6.849,28.224,3.409,11.568,1.381,3.174,-0.446,1.093,2.847,0.484,1.504
sao_paulo,per-pano,delta_months,>36,604,362,604,9.579,26.862,7.482,25.363,3.474,10.396,1.47,3.336,-0.569,1.041,3.025,0.549,1.508
sao_paulo,per-pano,n_views,3,2085,695,2085,10.748,34.663,9.029,32.666,3.682,10.851,1.626,3.465,-0.492,1.169,3.181,0.624,1.855
sao_paulo,per-pano,n_views,4-5,4329,980,4329,9.451,27.974,7.628,26.729,3.342,9.769,1.49,3.332,-0.576,1.119,3.071,0.543,1.555
sao_paulo,per-pano,n_views,6+,5400,714,5400,7.608,22.086,5.821,20.382,3.1,8.749,1.333,3.297,-0.502,1.081,3.162,0.429,1.182
richmond,2.6m,range_m,0-8,1430,624,1430,21.317,70.751,16.921,66.324,6.811,23.977,1.214,3.578,-0.103,0.75,2.543,0.638,2.376
richmond,2.6m,range_m,8-12,2668,857,2668,12.444,38.167,9.839,35.526,4.663,12.575,1.701,4.335,-0.249,1.24,3.632,0.634,2.197
richmond,2.6m,range_m,12-18,1627,760,1627,9.87,27.788,7.401,26.551,3.742,10.137,2.509,5.68,0.578,2.087,5.249,0.664,2.304
richmond,2.6m,range_m,18-25,1510,694,1510,7.385,18.803,5.894,18.227,2.595,7.639,3.108,6.576,1.878,2.748,6.324,0.71,2.142
richmond,2.6m,source,mapillary,7235,945,7235,11.566,38.041,8.987,35.274,4.146,13.047,1.95,5.287,0.155,1.457,4.807,0.655,2.228
richmond,2.6m,delta_months,0,4834,945,4834,11.41,38.707,8.941,35.506,4.289,12.835,1.878,5.193,0.046,1.416,4.76,0.641,2.225
richmond,2.6m,delta_months,1-18,2361,610,2361,11.727,36.631,9.032,34.198,3.895,13.215,2.134,5.461,0.38,1.555,4.977,0.686,2.231
richmond,2.6m,delta_months,19-36,40,16,40,11.826,40.983,10.164,40.425,3.212,12.714,1.54,4.363,0.122,0.982,4.109,0.706,1.984
richmond,2.6m,n_views,3,468,156,468,17.018,60.464,15.43,59.429,4.516,15.636,2.805,5.854,0.412,1.812,4.997,1.172,3.655
richmond,2.6m,n_views,4-5,924,208,924,15.349,49.913,12.615,47.172,4.71,14.881,2.331,5.896,0.271,1.616,5.168,0.883,2.827
richmond,2.6m,n_views,6+,5843,581,5843,10.873,33.947,8.323,31.413,4.023,12.415,1.841,5.082,0.13,1.391,4.735,0.603,1.96
clovis,2.6m,range_m,0-8,1141,595,1141,16.142,49.514,12.661,45.701,6.614,20.033,0.962,2.647,0.299,0.703,2.057,0.441,1.554
clovis,2.6m,range_m,8-12,2995,1036,2995,10.868,31.515,7.966,28.791,4.676,12.535,1.614,3.877,0.163,1.305,3.472,0.497,1.76
clovis,2.6m,range_m,12-18,1748,882,1748,8.482,21.141,6.008,19.663,3.732,9.4,2.285,4.789,1.01,2.037,4.542,0.536,1.731
clovis,2.6m,range_m,18-25,957,575,957,7.778,19.826,5.298,19.344,3.527,8.621,3.723,6.654,3.24,3.444,6.54,0.586,2.091
clovis,2.6m,source,mapillary,6841,1135,6841,10.157,30.499,7.408,27.729,4.417,12.215,1.805,4.852,0.539,1.481,4.419,0.507,1.784
clovis,2.6m,delta_months,0,5095,1135,5095,10.356,32.397,7.648,29.704,4.448,12.368,1.806,4.93,0.523,1.457,4.453,0.517,1.854
clovis,2.6m,delta_months,1-18,1450,381,1450,9.762,27.25,6.681,23.693,4.453,12.249,1.794,4.707,0.585,1.592,4.338,0.472,1.601
clovis,2.6m,delta_months,19-36,296,75,296,8.777,24.909,6.601,23.197,3.789,9.927,1.771,4.567,0.67,1.398,4.402,0.512,1.58
clovis,2.6m,n_views,3,834,278,834,12.869,44.348,9.84,42.705,4.174,14.796,2.088,5.42,0.698,1.564,4.674,0.672,2.711
clovis,2.6m,n_views,4-5,1433,322,1433,11.917,36.224,9.624,35.004,4.497,12.496,1.909,5.112,0.44,1.445,4.537,0.645,2.241
clovis,2.6m,n_views,6+,4574,535,4574,9.518,26.062,6.607,23.388,4.433,11.812,1.725,4.612,0.539,1.48,4.349,0.455,1.419
laurens,2.6m,range_m,0-8,123,73,123,33.954,89.385,29.546,77.859,10.86,29.791,2.282,4.462,-0.379,1.286,3.456,1.152,3.024
laurens,2.6m,range_m,8-12,310,104,310,18.101,59.123,15.077,56.416,7.584,14.922,2.855,5.938,-1.159,2.172,4.847,1.186,3.331
laurens,2.6m,range_m,12-18,94,59,94,12.86,45.221,12.789,42.712,4.053,8.937,3.08,6.076,-1.216,2.367,5.567,1.201,3.316
laurens,2.6m,range_m,18-25,58,47,58,7.66,28.88,7.196,28.829,1.967,5.525,3.081,6.031,1.393,2.136,5.412,0.926,3.267
laurens,2.6m,source,mapillary,585,109,585,18.119,60.006,15.298,56.416,6.221,17.558,2.767,5.726,-0.813,2.043,4.841,1.157,3.274
laurens,2.6m,delta_months,0,585,109,585,18.119,60.006,15.298,56.416,6.221,17.558,2.767,5.726,-0.813,2.043,4.841,1.157,3.274
laurens,2.6m,n_views,3,78,26,78,20.578,58.576,16.637,57.879,6.52,14.671,2.749,5.942,-0.515,2.063,4.538,1.233,3.562
laurens,2.6m,n_views,4-5,196,43,196,22.144,73.281,18.304,71.267,5.692,18.325,2.943,5.957,-0.458,1.917,4.787,1.24,3.963
laurens,2.6m,n_views,6+,311,40,311,16.025,50.996,13.79,48.434,6.052,17.558,2.679,5.647,-1.124,2.121,5.062,1.128,2.817
laurens_gsv,2.6m,range_m,0-8,57,48,57,9.681,29.418,8.953,27.415,4.203,8.691,0.649,1.169,-0.119,0.498,0.787,0.295,1.008
laurens_gsv,2.6m,range_m,8-12,127,77,127,7.21,20.25,5.492,17.516,2.721,7.63,0.941,2.216,0.04,0.718,2.052,0.362,1.007
laurens_gsv,2.6m,range_m,12-18,67,51,67,4.666,8.827,3.349,8.489,2.614,5.394,1.593,3.504,-0.657,1.534,3.426,0.33,0.857
laurens_gsv,2.6m,range_m,18-25,71,60,71,3.915,7.378,2.504,7.361,2.205,4.549,2.288,4.157,1.926,2.233,4.043,0.273,0.902
laurens_gsv,2.6m,source,launch,322,85,322,5.545,18.022,3.803,16.267,2.853,6.616,1.101,3.358,0.119,0.884,3.225,0.33,0.924
laurens_gsv,2.6m,delta_months,0,319,85,319,5.501,18.022,3.803,16.267,2.853,6.616,1.099,3.358,0.126,0.881,3.225,0.33,0.924
laurens_gsv,2.6m,delta_months,>36,3,3,3,15.232,22.831,7.938,22.176,5.429,15.232,1.818,3.62,-1.448,1.448,3.62,0.978,1.098
laurens_gsv,2.6m,n_views,3,129,43,129,7.208,21.583,5.157,19.825,3.205,7.135,1.286,3.252,0.067,1.064,3.184,0.414,0.986
laurens_gsv,2.6m,n_views,4-5,163,37,163,5.137,16.271,3.508,15.735,2.484,6.224,1.003,3.507,0.11,0.714,3.306,0.262,0.897
laurens_gsv,2.6m,n_views,6+,30,5,30,4.49,13.989,2.324,12.461,2.632,5.486,1.374,3.23,0.771,1.152,3.225,0.191,0.757
annapolis,2.6m,range_m,0-8,4711,1955,4711,17.049,44.894,13.463,41.56,6.292,17.346,0.978,2.074,0.49,0.649,1.642,0.473,1.401
annapolis,2.6m,range_m,8-12,9405,2550,9405,10.825,25.596,8.017,23.432,4.317,12.683,1.426,3.2,0.605,1.138,2.958,0.472,1.38
annapolis,2.6m,range_m,12-18,6089,2299,6089,8.642,20.268,5.782,17.772,4.117,11.86,2.526,5.129,0.889,2.298,4.976,0.5,1.471
annapolis,2.6m,range_m,18-25,4023,1944,4023,8.612,19.247,5.143,18.152,3.997,10.165,4.366,7.449,3.477,3.967,7.362,0.571,2.025
annapolis,2.6m,source,mapillary,24228,2727,24228,10.586,27.75,7.383,25.582,4.492,12.689,1.688,5.142,0.735,1.377,4.846,0.494,1.489
annapolis,2.6m,delta_months,0,17724,2727,17724,10.911,28.268,7.589,26.139,4.663,13.089,1.674,5.218,0.7,1.352,4.909,0.496,1.503
annapolis,2.6m,delta_months,>36,6504,1954,6504,9.731,26.11,6.885,24.189,4.129,11.394,1.723,4.915,0.842,1.433,4.65,0.489,1.461
annapolis,2.6m,n_views,3,810,270,810,12.471,37.913,10.282,36.548,4.447,11.576,2.316,5.789,0.609,1.645,5.217,0.765,2.637
annapolis,2.6m,n_views,4-5,2235,496,2235,13.135,38.434,10.306,36.739,4.549,12.958,1.965,5.537,0.69,1.436,5.097,0.708,2.215
annapolis,2.6m,n_views,6+,21183,1961,21183,10.326,26.207,7.085,23.868,4.491,12.689,1.637,5.045,0.745,1.366,4.811,0.47,1.365
morgantown,2.6m,range_m,0-8,2663,959,2663,15.447,52.632,12.052,48.485,5.63,19.903,0.827,2.452,0.258,0.536,1.836,0.41,1.583
morgantown,2.6m,range_m,8-12,3278,1081,3278,9.645,28.122,7.389,26.184,3.899,11.338,1.261,3.142,0.485,0.996,2.762,0.438,1.576
morgantown,2.6m,range_m,12-18,1688,882,1688,7.692,20.945,5.502,19.148,3.582,9.058,2.175,4.514,1.299,1.965,4.236,0.47,1.592
morgantown,2.6m,range_m,18-25,1455,702,1455,6.832,15.339,4.398,14.08,3.209,8.193,3.459,6.437,2.789,3.269,6.337,0.493,1.579
morgantown,2.6m,source,mapillary,9084,1171,9084,9.648,32.054,7.202,29.26,4.09,12.231,1.377,4.405,0.578,1.092,4.011,0.444,1.577
morgantown,2.6m,delta_months,0,6525,1171,6525,9.754,31.84,7.166,28.913,4.29,12.569,1.403,4.494,0.644,1.132,4.106,0.434,1.579
morgantown,2.6m,delta_months,1-18,2559,553,2559,9.44,32.656,7.37,30.15,3.656,11.04,1.313,4.07,0.435,1.009,3.612,0.471,1.573
morgantown,2.6m,n_views,3,441,147,441,10.166,42.19,7.573,40.919,4.048,13.997,1.509,4.789,0.459,1.141,3.792,0.473,1.977
morgantown,2.6m,n_views,4-5,1059,235,1059,10.586,37.511,8.429,34.306,3.926,13.267,1.379,4.421,0.539,0.987,3.907,0.477,1.832
morgantown,2.6m,n_views,6+,7584,789,7584,9.531,30.903,7.058,28.046,4.124,12.036,1.368,4.366,0.594,1.106,4.017,0.44,1.482
