city,height_model,capture_year,n_views,n_sites,naive_slope,naive_slope_se,naive_intercept_m,scale_s,scale_s_se,implied_range_scale_k,k_lo95,k_hi95,null_naive_slope,null_scale_s,k_null_corrected,rn101_n_views,rn101_n_sites,rn101_slope,rn101_slope_se,null_rn101_slope,rn101_null_share,naive_null_share,obs_abs_along_p50,obs_abs_along_p90,null_abs_along_p50,null_abs_along_p90,obs_abs_cross_p50,obs_abs_cross_p90,null_abs_cross_p50,null_abs_cross_p90,r2fit_scale_s,r2fit_scale_s_se,r2fit_k,r2fit_dy_offset_px,r2fit_dy_offset_px_se
bend,2.6m,all,43288,9709,0.1204,0.0016,-1.034,0.053,0.0007,1.056,1.0544,1.0576,0.0466,0.0086,1.0465,42240,9388,0.1082,0.0015,0.0398,0.368,0.387,0.838,3.052,1.036,2.651,0.336,1.018,0.807,1.969,-0.0603,0.0018,0.9431,-2.787,0.05
bend,2.6m,2012,1815,869,0.0475,0.0086,-1.3513,-0.0591,0.004,0.9442,0.9372,0.9513,,,,,,,,,,,,,,,,,,,,,,,
bend,2.6m,2017,301,205,0.0933,0.0224,-1.7393,-0.0457,0.0117,0.9563,0.9358,0.9777,,,,,,,,,,,,,,,,,,,,,,,
bend,2.6m,2018,308,205,0.0647,0.0222,-1.5999,-0.059,0.0108,0.9443,0.9259,0.9635,,,,,,,,,,,,,,,,,,,,,,,
bend,2.6m,2019,685,430,0.0984,0.0142,-0.7474,0.0497,0.006,1.0523,1.0394,1.0655,,,,,,,,,,,,,,,,,,,,,,,
bend,2.6m,2021,625,357,0.1352,0.0141,-1.1483,0.0598,0.006,1.0636,1.0504,1.0772,,,,,,,,,,,,,,,,,,,,,,,
bend,2.6m,2024,38485,9264,0.1212,0.0016,-0.9709,0.0586,0.0007,1.0622,1.0606,1.0638,,,,,,,,,,,,,,,,,,,,,,,
bend,2.6m,2025,1047,377,0.0841,0.0106,-0.6908,0.0434,0.0048,1.0454,1.0351,1.0559,,,,,,,,,,,,,,,,,,,,,,,
bend,2.6m,other,22,18,0.1014,0.0729,-1.3241,-0.0163,0.0432,0.984,0.9084,1.0734,,,,,,,,,,,,,,,,,,,,,,,
bend,per-pano,all,43282,9742,0.0741,0.0017,-1.1936,-0.014,0.0008,0.9862,0.9847,0.9877,0.0438,0.0073,0.9792,42302,9437,0.0566,0.0016,0.0375,0.663,0.591,0.894,2.722,1.025,2.6,0.353,1.006,0.805,1.96,-0.1459,0.002,0.8727,-3.23,0.056
bend,per-pano,2012,1819,875,0.0465,0.0083,-1.354,-0.0607,0.0039,0.9427,0.9359,0.9497,,,,,,,,,,,,,,,,,,,,,,,
bend,per-pano,2017,305,208,0.1058,0.0238,-1.866,-0.0451,0.0123,0.9569,0.9353,0.9795,,,,,,,,,,,,,,,,,,,,,,,
bend,per-pano,2018,308,205,0.0743,0.0239,-1.7187,-0.0655,0.0116,0.9386,0.9189,0.9591,,,,,,,,,,,,,,,,,,,,,,,
bend,per-pano,2019,660,412,0.059,0.0156,-1.1061,-0.0264,0.0068,0.9743,0.9619,0.9871,,,,,,,,,,,,,,,,,,,,,,,
bend,per-pano,2021,631,364,0.0864,0.0157,-1.1946,-0.0032,0.0068,0.9968,0.9837,1.0102,,,,,,,,,,,,,,,,,,,,,,,
bend,per-pano,2024,38489,9285,0.0751,0.0018,-1.1735,-0.0111,0.0008,0.989,0.9874,0.9905,,,,,,,,,,,,,,,,,,,,,,,
bend,per-pano,2025,1050,377,0.052,0.0113,-1.0412,-0.0217,0.0052,0.9787,0.9691,0.9886,,,,,,,,,,,,,,,,,,,,,,,
bend,per-pano,other,20,16,-0.0183,0.0759,-0.6606,-0.085,0.0419,0.9217,0.8569,0.9971,,,,,,,,,,,,,,,,,,,,,,,
paterson,2.6m,all,20027,4565,0.1268,0.0025,-0.7907,0.0839,0.0013,1.0916,1.0887,1.0946,0.0503,0.0088,1.0813,19653,4445,0.1159,0.0024,0.0425,0.367,0.397,1.264,3.703,1.067,2.746,0.51,1.442,0.813,1.981,0.0149,0.0032,1.0151,-1.638,0.078
paterson,2.6m,2007,65,61,0.1108,0.0616,-0.9148,0.0442,0.0247,1.0462,0.9958,1.102,,,,,,,,,,,,,,,,,,,,,,,
paterson,2.6m,2008,41,38,0.1943,0.0622,-1.4958,0.0793,0.0299,1.0861,1.021,1.1601,,,,,,,,,,,,,,,,,,,,,,,
paterson,2.6m,2012,293,219,0.0924,0.0198,-2.0435,-0.0548,0.0106,0.9481,0.9298,0.9671,,,,,,,,,,,,,,,,,,,,,,,
paterson,2.6m,2013,45,43,0.0169,0.0324,-1.4031,-0.0732,0.0183,0.9318,0.9016,0.9641,,,,,,,,,,,,,,,,,,,,,,,
paterson,2.6m,2014,186,143,0.0372,0.0287,-1.7035,-0.0871,0.0133,0.9198,0.8984,0.9424,,,,,,,,,,,,,,,,,,,,,,,
paterson,2.6m,2015,118,102,0.0751,0.0329,-1.7428,-0.0394,0.0157,0.9621,0.9345,0.9915,,,,,,,,,,,,,,,,,,,,,,,
paterson,2.6m,2016,153,105,0.052,0.0304,-1.75,-0.0674,0.0148,0.9369,0.9121,0.9631,,,,,,,,,,,,,,,,,,,,,,,
paterson,2.6m,2017,77,76,0.088,0.0399,-1.8485,-0.0373,0.0177,0.964,0.9328,0.9974,,,,,,,,,,,,,,,,,,,,,,,
paterson,2.6m,2018,1013,691,0.1077,0.0108,-1.0232,0.0433,0.0046,1.0452,1.0355,1.0551,,,,,,,,,,,,,,,,,,,,,,,
paterson,2.6m,2019,1135,696,0.1087,0.0094,-1.07,0.0412,0.0042,1.0429,1.0341,1.052,,,,,,,,,,,,,,,,,,,,,,,
paterson,2.6m,2020,1901,1037,0.1131,0.0072,-0.9639,0.0521,0.0032,1.0549,1.048,1.0619,,,,,,,,,,,,,,,,,,,,,,,
paterson,2.6m,2021,1337,726,0.1164,0.0086,-1.0835,0.0492,0.0039,1.0517,1.0434,1.0602,,,,,,,,,,,,,,,,,,,,,,,
paterson,2.6m,2022,52,29,0.1355,0.0318,-1.314,0.0448,0.016,1.0469,1.0136,1.0824,,,,,,,,,,,,,,,,,,,,,,,
paterson,2.6m,2024,5969,2562,0.0922,0.0042,-0.9255,0.0354,0.0019,1.0367,1.0328,1.0408,,,,,,,,,,,,,,,,,,,,,,,
paterson,2.6m,2025,7640,2825,0.1376,0.0042,0.0332,0.1606,0.0016,1.1913,1.1868,1.1959,,,,,,,,,,,,,,,,,,,,,,,
paterson,2.6m,other,2,2,,,,0.0923,0.0457,1.1016,1.0026,1.2224,,,,,,,,,,,,,,,,,,,,,,,
paterson,per-pano,all,23198,5030,0.0875,0.0029,-1.5278,-0.0261,0.0013,0.9746,0.9722,0.977,0.0639,0.0115,0.9638,22748,4890,0.0701,0.0028,0.0553,0.789,0.731,1.05,3.048,1.071,2.789,0.42,1.162,0.792,1.952,-0.1778,0.0031,0.849,-3.255,0.071
paterson,per-pano,2007,63,60,0.2185,0.0799,-2.5278,-0.0087,0.0351,0.9914,0.9281,1.0639,,,,,,,,,,,,,,,,,,,,,,,
paterson,per-pano,2008,42,37,0.2743,0.0602,-2.5678,0.0534,0.0384,1.0564,0.9786,1.1477,,,,,,,,,,,,,,,,,,,,,,,
paterson,per-pano,2012,301,225,0.0914,0.02,-2.0752,-0.0639,0.0109,0.9399,0.9215,0.9591,,,,,,,,,,,,,,,,,,,,,,,
paterson,per-pano,2013,48,46,0.0488,0.0421,-1.3688,-0.0539,0.0205,0.9489,0.914,0.9865,,,,,,,,,,,,,,,,,,,,,,,
paterson,per-pano,2014,185,143,0.0342,0.0267,-1.569,-0.0816,0.0124,0.9246,0.9042,0.9459,,,,,,,,,,,,,,,,,,,,,,,
paterson,per-pano,2015,123,106,0.0477,0.0329,-1.2816,-0.0444,0.0151,0.9575,0.9311,0.9854,,,,,,,,,,,,,,,,,,,,,,,
paterson,per-pano,2016,152,106,0.0572,0.0296,-1.8025,-0.0734,0.0151,0.9316,0.9066,0.958,,,,,,,,,,,,,,,,,,,,,,,
paterson,per-pano,2017,82,81,0.1045,0.0393,-2.096,-0.0525,0.0186,0.9501,0.9184,0.9842,,,,,,,,,,,,,,,,,,,,,,,
paterson,per-pano,2018,1045,716,0.0471,0.0114,-1.1567,-0.0391,0.0051,0.9624,0.9532,0.9717,,,,,,,,,,,,,,,,,,,,,,,
paterson,per-pano,2019,1136,699,0.0554,0.0099,-1.1548,-0.0304,0.0046,0.9705,0.9622,0.979,,,,,,,,,,,,,,,,,,,,,,,
paterson,per-pano,2020,1938,1065,0.0635,0.0084,-1.2694,-0.0319,0.0039,0.9691,0.9619,0.9763,,,,,,,,,,,,,,,,,,,,,,,
paterson,per-pano,2021,1343,733,0.0586,0.0099,-1.196,-0.0293,0.0044,0.9715,0.9634,0.9798,,,,,,,,,,,,,,,,,,,,,,,
paterson,per-pano,2022,48,28,0.0654,0.0319,-1.3927,-0.0393,0.0136,0.9622,0.9381,0.9875,,,,,,,,,,,,,,,,,,,,,,,
paterson,per-pano,2024,6063,2695,0.0513,0.0045,-1.183,-0.0344,0.0021,0.9668,0.9629,0.9707,,,,,,,,,,,,,,,,,,,,,,,
paterson,per-pano,2025,10627,3374,0.1312,0.0048,-1.9179,-0.0137,0.0022,0.9865,0.9823,0.9907,,,,,,,,,,,,,,,,,,,,,,,
paterson,per-pano,other,2,2,,,,-0.1919,0.0915,0.839,0.7292,0.9877,,,,,,,,,,,,,,,,,,,,,,,
gainesville,2.6m,all,8645,2057,0.1096,0.0042,-0.4095,0.0924,0.0021,1.1019,1.097,1.1068,0.054,0.0107,1.089,8358,1965,0.1128,0.0039,0.0503,0.446,0.492,1.552,3.944,1.079,2.786,0.561,1.634,0.811,1.978,0.0523,0.0056,1.0552,-0.954,0.134
gainesville,2.6m,2007,39,29,-0.0675,0.1104,0.9868,0.0167,0.0369,1.0169,0.9473,1.0976,,,,,,,,,,,,,,,,,,,,,,,
gainesville,2.6m,2011,85,53,0.0625,0.0484,-1.285,-0.0319,0.0218,0.9691,0.9305,1.011,,,,,,,,,,,,,,,,,,,,,,,
gainesville,2.6m,2014,30,21,0.0557,0.0329,-1.4666,-0.0481,0.0177,0.9541,0.9235,0.9867,,,,,,,,,,,,,,,,,,,,,,,
gainesville,2.6m,2015,73,43,0.0181,0.0479,-1.3253,-0.0847,0.0219,0.9219,0.8869,0.9599,,,,,,,,,,,,,,,,,,,,,,,
gainesville,2.6m,2016,115,72,0.0297,0.0411,-1.3327,-0.0793,0.0187,0.9265,0.8961,0.9591,,,,,,,,,,,,,,,,,,,,,,,
gainesville,2.6m,2018,298,147,0.0563,0.0224,-1.448,-0.0706,0.0105,0.934,0.9165,0.9523,,,,,,,,,,,,,,,,,,,,,,,
gainesville,2.6m,2019,75,48,0.0156,0.0472,-1.2284,-0.0845,0.029,0.9221,0.8761,0.9731,,,,,,,,,,,,,,,,,,,,,,,
gainesville,2.6m,2021,160,69,0.0818,0.0262,-0.3766,0.0626,0.0099,1.0668,1.0451,1.0894,,,,,,,,,,,,,,,,,,,,,,,
gainesville,2.6m,2022,319,160,0.1143,0.0204,-0.6903,0.0689,0.008,1.0741,1.0562,1.0925,,,,,,,,,,,,,,,,,,,,,,,
gainesville,2.6m,2023,502,224,0.1257,0.0146,-1.0617,0.0591,0.0069,1.0628,1.0478,1.0783,,,,,,,,,,,,,,,,,,,,,,,
gainesville,2.6m,2024,2113,789,0.072,0.0075,-0.638,0.0375,0.0032,1.039,1.0323,1.0457,,,,,,,,,,,,,,,,,,,,,,,
gainesville,2.6m,2025,544,233,0.0654,0.0152,-0.3444,0.0505,0.0061,1.0532,1.0402,1.0665,,,,,,,,,,,,,,,,,,,,,,,
gainesville,2.6m,2026,4278,1417,0.103,0.0058,0.4884,0.1517,0.0026,1.1788,1.1717,1.186,,,,,,,,,,,,,,,,,,,,,,,
gainesville,2.6m,other,14,13,0.0825,0.1402,-2.2085,-0.0652,0.0556,0.9388,0.8516,1.0458,,,,,,,,,,,,,,,,,,,,,,,
gainesville,per-pano,all,11178,2486,0.1201,0.0043,-1.8231,-0.0136,0.002,0.9866,0.9827,0.9905,0.0678,0.0112,0.9758,10839,2378,0.0972,0.0043,0.0601,0.618,0.565,1.183,3.386,1.097,2.828,0.434,1.267,0.799,1.939,-0.1651,0.0049,0.8583,-3.149,0.106
gainesville,per-pano,2007,34,26,0.2197,0.0802,-1.8909,0.0609,0.044,1.0648,0.9753,1.1724,,,,,,,,,,,,,,,,,,,,,,,
gainesville,per-pano,2011,86,54,0.0859,0.0509,-1.5373,-0.0325,0.0216,0.9685,0.9304,1.0098,,,,,,,,,,,,,,,,,,,,,,,
gainesville,per-pano,2014,35,26,0.0236,0.0341,-1.7025,-0.1072,0.0236,0.9032,0.867,0.9425,,,,,,,,,,,,,,,,,,,,,,,
gainesville,per-pano,2015,72,43,0.0145,0.0578,-1.3839,-0.0932,0.0255,0.9148,0.8748,0.9586,,,,,,,,,,,,,,,,,,,,,,,
gainesville,per-pano,2016,114,72,0.03,0.0433,-1.259,-0.0726,0.0203,0.9323,0.8989,0.9682,,,,,,,,,,,,,,,,,,,,,,,
gainesville,per-pano,2018,295,144,0.0472,0.0231,-1.4627,-0.0785,0.0104,0.9272,0.91,0.9452,,,,,,,,,,,,,,,,,,,,,,,
gainesville,per-pano,2019,64,43,0.0807,0.0631,-1.6016,-0.0556,0.0344,0.9473,0.8904,1.012,,,,,,,,,,,,,,,,,,,,,,,
gainesville,per-pano,2021,156,70,0.0585,0.0303,-0.9749,-0.0118,0.0142,0.9883,0.9618,1.0162,,,,,,,,,,,,,,,,,,,,,,,
gainesville,per-pano,2022,349,182,0.0561,0.0212,-1.1054,-0.0277,0.0096,0.973,0.9556,0.9911,,,,,,,,,,,,,,,,,,,,,,,
gainesville,per-pano,2023,521,236,0.0904,0.0162,-1.4455,-0.0118,0.0078,0.9884,0.9736,1.0036,,,,,,,,,,,,,,,,,,,,,,,
gainesville,per-pano,2024,2174,825,0.0686,0.008,-1.0378,-0.0018,0.0037,0.9982,0.991,1.0055,,,,,,,,,,,,,,,,,,,,,,,
gainesville,per-pano,2025,574,253,0.0397,0.016,-0.7693,-0.0124,0.0073,0.9878,0.9739,1.002,,,,,,,,,,,,,,,,,,,,,,,
gainesville,per-pano,2026,6684,1857,0.1563,0.0059,-2.2377,-0.0123,0.0029,0.9878,0.9823,0.9934,,,,,,,,,,,,,,,,,,,,,,,
gainesville,per-pano,other,20,18,0.2535,0.1008,-3.3868,0.0039,0.0514,1.0039,0.9117,1.117,,,,,,,,,,,,,,,,,,,,,,,
sao_paulo,2.6m,all,12262,2371,0.0682,0.0034,-0.8024,0.0163,0.0016,1.0166,1.0133,1.0199,0.0483,0.0093,1.0071,11915,2265,0.058,0.0033,0.0438,0.757,0.708,0.936,3.083,1.017,2.616,0.432,1.348,0.771,1.878,-0.0803,0.0042,0.9257,-2.338,0.109
sao_paulo,2.6m,2014,355,149,0.0096,0.0203,-0.7879,-0.0467,0.0081,0.9554,0.9411,0.9702,,,,,,,,,,,,,,,,,,,,,,,
sao_paulo,2.6m,2018,50,43,0.1416,0.0441,-1.3352,0.0572,0.0215,1.0607,1.0154,1.1102,,,,,,,,,,,,,,,,,,,,,,,
sao_paulo,2.6m,2019,59,48,0.0108,0.0326,0.0393,0.0208,0.0161,1.0212,0.9894,1.0551,,,,,,,,,,,,,,,,,,,,,,,
sao_paulo,2.6m,2021,136,115,0.1132,0.0329,-0.7353,0.0652,0.0145,1.0698,1.0381,1.1034,,,,,,,,,,,,,,,,,,,,,,,
sao_paulo,2.6m,2022,316,229,0.0644,0.0172,-0.7203,0.017,0.0081,1.0173,1.0012,1.0339,,,,,,,,,,,,,,,,,,,,,,,
sao_paulo,2.6m,2023,748,422,0.045,0.0131,-0.4727,0.0158,0.0062,1.0161,1.0037,1.0288,,,,,,,,,,,,,,,,,,,,,,,
sao_paulo,2.6m,2024,6839,2061,0.0634,0.0043,-0.7754,0.0133,0.002,1.0135,1.0095,1.0176,,,,,,,,,,,,,,,,,,,,,,,
sao_paulo,2.6m,2025,3653,1229,0.0811,0.0063,-0.892,0.0234,0.0028,1.0239,1.0182,1.0298,,,,,,,,,,,,,,,,,,,,,,,
sao_paulo,2.6m,2026,39,16,0.0616,0.0563,-0.3038,0.0471,0.0228,1.0494,1.0024,1.1011,,,,,,,,,,,,,,,,,,,,,,,
sao_paulo,2.6m,other,67,52,0.2268,0.0505,-2.5736,0.0567,0.0222,1.0601,1.0135,1.1113,,,,,,,,,,,,,,,,,,,,,,,
sao_paulo,per-pano,all,11814,2389,0.042,0.0037,-1.0418,-0.0381,0.0018,0.9633,0.9599,0.9666,0.0459,0.0096,0.9545,11428,2270,0.0249,0.0036,0.0405,1.626,1.093,1.109,3.123,1.027,2.591,0.494,1.439,0.786,1.913,-0.1414,0.0048,0.8761,-2.489,0.124
sao_paulo,per-pano,2014,352,151,0.0105,0.0203,-0.7684,-0.053,0.0082,0.9497,0.9355,0.9643,,,,,,,,,,,,,,,,,,,,,,,
sao_paulo,per-pano,2018,50,43,0.03,0.0553,-0.6729,-0.0243,0.0273,0.9763,0.9278,1.03,,,,,,,,,,,,,,,,,,,,,,,
sao_paulo,per-pano,2019,62,51,-0.0872,0.0405,0.3248,-0.0665,0.0173,0.9376,0.9087,0.9684,,,,,,,,,,,,,,,,,,,,,,,
sao_paulo,per-pano,2021,142,118,0.0153,0.0393,-0.6205,-0.0397,0.0165,0.9618,0.9329,0.9927,,,,,,,,,,,,,,,,,,,,,,,
sao_paulo,per-pano,2022,283,208,0.0072,0.0224,-0.913,-0.0665,0.0106,0.9377,0.9198,0.9562,,,,,,,,,,,,,,,,,,,,,,,
sao_paulo,per-pano,2023,712,403,0.0059,0.0143,-0.7754,-0.0571,0.0067,0.946,0.9344,0.9579,,,,,,,,,,,,,,,,,,,,,,,
sao_paulo,per-pano,2024,6624,2066,0.0451,0.0047,-0.9347,-0.0258,0.0023,0.9749,0.9706,0.9792,,,,,,,,,,,,,,,,,,,,,,,
sao_paulo,per-pano,2025,3484,1234,0.0424,0.007,-1.2738,-0.0577,0.0034,0.9454,0.9396,0.9513,,,,,,,,,,,,,,,,,,,,,,,
sao_paulo,per-pano,2026,40,16,0.1111,0.0635,-1.9995,-0.0433,0.0318,0.9585,0.9045,1.0194,,,,,,,,,,,,,,,,,,,,,,,
sao_paulo,per-pano,other,65,55,0.1857,0.0503,-2.6059,0.005,0.0249,1.005,0.9579,1.0569,,,,,,,,,,,,,,,,,,,,,,,
richmond,2.6m,all,7235,945,0.1305,0.0065,-1.3356,0.0518,0.0035,1.0546,1.047,1.0624,0.2463,0.0626,0.9893,7040,890,0.1275,0.0067,0.2493,1.956,1.888,1.457,4.807,2.807,7.279,0.655,2.228,2.212,5.311,-0.1064,0.0095,0.9038,-3.765,0.227
richmond,2.6m,2023,91,24,0.1322,0.0556,-0.7693,0.0829,0.0263,1.0904,1.0323,1.1553,,,,,,,,,,,,,,,,,,,,,,,
richmond,2.6m,2024,5766,871,0.1216,0.0067,-1.2225,0.0524,0.0038,1.0553,1.0471,1.0637,,,,,,,,,,,,,,,,,,,,,,,
richmond,2.6m,2025,1378,335,0.1813,0.0203,-1.9315,0.0451,0.0098,1.0472,1.0267,1.0687,,,,,,,,,,,,,,,,,,,,,,,
clovis,2.6m,all,6841,1135,0.1719,0.007,-1.4824,0.0834,0.0036,1.091,1.0826,1.0994,0.2738,0.0655,1.0182,6293,981,0.1775,0.0073,0.2851,1.607,1.593,1.481,4.419,2.806,7.124,0.507,1.784,2.282,5.454,-0.0952,0.0099,0.9131,-4.648,0.247
clovis,2.6m,2019,4439,813,0.1642,0.0084,-1.448,0.0781,0.0042,1.0848,1.0751,1.0945,,,,,,,,,,,,,,,,,,,,,,,
clovis,2.6m,2020,1958,467,0.177,0.0138,-1.4271,0.0942,0.0072,1.104,1.0871,1.1215,,,,,,,,,,,,,,,,,,,,,,,
clovis,2.6m,2021,444,114,0.2352,0.0261,-2.0819,0.0922,0.0154,1.1015,1.0661,1.1393,,,,,,,,,,,,,,,,,,,,,,,
laurens,2.6m,all,585,109,0.0782,0.0275,-1.6406,-0.0758,0.0183,0.9296,0.8995,0.9616,0.1908,0.0536,0.8854,523,92,0.071,0.0263,0.186,2.62,2.442,2.043,4.841,2.854,6.431,1.157,3.274,2.353,5.794,-0.3002,0.0451,0.7691,-6.059,0.983
laurens_gsv,2.6m,all,322,85,0.0978,0.0189,-1.072,0.0292,0.0085,1.03,1.0126,1.048,0.0056,-0.0013,1.0314,310,81,0.0939,0.0181,-0.006,-0.064,0.057,0.884,3.225,1.04,2.738,0.33,0.924,0.852,1.95,-0.0898,0.0236,0.9176,-2.906,0.587
laurens_gsv,2.6m,2024,319,85,0.0988,0.0187,-1.0706,0.0302,0.0085,1.0312,1.0139,1.0491,,,,,,,,,,,,,,,,,,,,,,,
laurens_gsv,2.6m,other,3,3,-0.0066,0.1224,-1.3095,-0.0862,0.0609,0.9207,0.8295,1.0344,,,,,,,,,,,,,,,,,,,,,,,
annapolis,2.6m,all,24228,2727,0.1538,0.0039,-0.9054,0.1167,0.0018,1.1322,1.1277,1.1367,0.2735,0.0764,1.042,23732,2597,0.1686,0.0041,0.285,1.69,1.779,1.377,4.846,2.784,7.1,0.494,1.489,2.181,5.352,0.0058,0.0046,1.0058,-2.746,0.129
annapolis,2.6m,2020,8113,2199,0.1467,0.0057,-0.9259,0.1116,0.0026,1.1256,1.1191,1.1322,,,,,,,,,,,,,,,,,,,,,,,
annapolis,2.6m,2023,16115,2482,0.1616,0.0051,-0.9409,0.1199,0.0022,1.1363,1.1307,1.1419,,,,,,,,,,,,,,,,,,,,,,,
morgantown,2.6m,all,9084,1171,0.1349,0.0053,-0.7232,0.1023,0.0031,1.1139,1.1064,1.1216,0.2206,0.0663,1.0374,8794,1092,0.1424,0.0053,0.2387,1.677,1.635,1.092,4.011,2.749,6.856,0.444,1.577,2.211,5.35,0.011,0.0068,1.0111,-2.289,0.178
morgantown,2.6m,2024,8341,1143,0.1279,0.0054,-0.7579,0.0918,0.003,1.101,1.0939,1.1083,,,,,,,,,,,,,,,,,,,,,,,
morgantown,2.6m,2025,743,189,0.186,0.0213,-0.0439,0.2122,0.0118,1.2694,1.2332,1.3076,,,,,,,,,,,,,,,,,,,,,,,
