city,tier,frame,arm,radius_m,n_points,op_sites,sites_scored,sites_dropped,n_pool,median_m,p90_m,mean_m,share_le_3m,own_matched,coverage,own_median_m,own_p90_m,own_mean_m,own_share_le_3m,chance_matched,chance_share
bend,0.3000,frozen@a,a,2.5000,12504,14187,14187,0,10704,0.6051,1.2510,0.6884,1.0000,10704,0.8560,0.6051,1.2510,0.6884,1.0000,142,0.0114
bend,0.3000,frozen@a,b,2.5000,12504,14187,14187,0,10704,0.6078,1.2653,0.6995,0.9993,10691,0.8550,0.6068,1.2590,0.6946,1.0000,145,0.0116
bend,0.3000,frozen@a,c,2.5000,12504,14187,14187,0,10704,0.6192,1.2820,0.7066,1.0000,10692,0.8551,0.6186,1.2793,0.7035,1.0000,142,0.0114
bend,0.3000,frozen@a,b1.00,2.5000,12504,14187,14187,0,10704,0.6809,1.4142,0.7774,0.9970,10665,0.8529,0.6776,1.3899,0.7619,1.0000,139,0.0111
bend,0.3000,frozen@a,a,5.0000,12504,14187,14187,0,10914,0.6122,1.3301,0.7397,0.9882,10914,0.8728,0.6122,1.3301,0.7397,0.9882,534,0.0427
bend,0.3000,frozen@a,b,5.0000,12504,14187,14187,0,10914,0.6154,1.3471,0.7501,0.9874,10909,0.8724,0.6149,1.3395,0.7468,0.9880,530,0.0424
bend,0.3000,frozen@a,c,5.0000,12504,14187,14187,0,10914,0.6266,1.3737,0.7565,0.9885,10915,0.8729,0.6264,1.3747,0.7564,0.9884,522,0.0417
bend,0.3000,frozen@a,b1.00,5.0000,12504,14187,14187,0,10914,0.6904,1.4894,0.8257,0.9863,10905,0.8721,0.6874,1.4762,0.8180,0.9871,512,0.0409
bend,0.3000,frozen@a,a,8.0000,12504,14187,14187,0,10971,0.6148,1.3590,0.7687,0.9830,10971,0.8774,0.6148,1.3590,0.7687,0.9830,1304,0.1043
bend,0.3000,frozen@a,b,8.0000,12504,14187,14187,0,10971,0.6173,1.3714,0.7788,0.9823,10969,0.8772,0.6171,1.3655,0.7765,0.9826,1295,0.1036
bend,0.3000,frozen@a,c,8.0000,12504,14187,14187,0,10971,0.6292,1.3945,0.7851,0.9833,10972,0.8775,0.6291,1.3976,0.7854,0.9832,1275,0.1020
bend,0.3000,frozen@a,b1.00,8.0000,12504,14187,14187,0,10971,0.6933,1.5104,0.8538,0.9811,10971,0.8774,0.6917,1.5022,0.8512,0.9811,1268,0.1014
bend,0.3000,frozen@b,a,2.5000,12504,14160,14158,2,10707,0.6036,1.2323,0.6847,1.0000,10707,0.8563,0.6036,1.2323,0.6847,1.0000,139,0.0111
bend,0.3000,frozen@b,b,2.5000,12504,14160,14158,2,10707,0.6067,1.2567,0.6964,0.9990,10687,0.8547,0.6059,1.2495,0.6901,1.0000,144,0.0115
bend,0.3000,frozen@b,c,2.5000,12504,14160,14158,2,10707,0.6179,1.2704,0.7031,1.0000,10692,0.8551,0.6172,1.2678,0.6996,1.0000,144,0.0115
bend,0.3000,frozen@b,b1.00,2.5000,12504,14160,14158,2,10707,0.6767,1.4027,0.7738,0.9965,10657,0.8523,0.6730,1.3730,0.7559,1.0000,142,0.0114
bend,0.3000,frozen@b,a,5.0000,12504,14160,14158,2,10919,0.6109,1.3185,0.7365,0.9883,10919,0.8732,0.6109,1.3185,0.7365,0.9883,536,0.0429
bend,0.3000,frozen@b,b,5.0000,12504,14160,14158,2,10919,0.6144,1.3313,0.7475,0.9870,10914,0.8728,0.6140,1.3279,0.7442,0.9877,535,0.0428
bend,0.3000,frozen@b,c,5.0000,12504,14160,14158,2,10919,0.6255,1.3628,0.7535,0.9884,10918,0.8732,0.6252,1.3628,0.7526,0.9886,525,0.0420
bend,0.3000,frozen@b,b1.00,5.0000,12504,14160,14158,2,10919,0.6860,1.4755,0.8226,0.9857,10910,0.8725,0.6843,1.4671,0.8146,0.9869,515,0.0412
bend,0.3000,frozen@b,a,8.0000,12504,14160,14158,2,10975,0.6132,1.3426,0.7648,0.9832,10975,0.8777,0.6132,1.3426,0.7648,0.9832,1303,0.1042
bend,0.3000,frozen@b,b,8.0000,12504,14160,14158,2,10975,0.6164,1.3580,0.7757,0.9820,10973,0.8776,0.6159,1.3541,0.7732,0.9824,1293,0.1034
bend,0.3000,frozen@b,c,8.0000,12504,14160,14158,2,10975,0.6272,1.3837,0.7815,0.9833,10976,0.8778,0.6269,1.3861,0.7818,0.9834,1271,0.1016
bend,0.3000,frozen@b,b1.00,8.0000,12504,14160,14158,2,10975,0.6881,1.5030,0.8503,0.9807,10973,0.8776,0.6870,1.4953,0.8459,0.9812,1268,0.1014
bend,0.3000,frozen@c,a,2.5000,12504,14058,14058,0,10708,0.6020,1.2291,0.6817,1.0000,10708,0.8564,0.6020,1.2291,0.6817,1.0000,137,0.0110
bend,0.3000,frozen@c,b,2.5000,12504,14058,14058,0,10708,0.6044,1.2533,0.6930,0.9993,10694,0.8552,0.6031,1.2494,0.6884,1.0000,141,0.0113
bend,0.3000,frozen@c,c,2.5000,12504,14058,14058,0,10708,0.6142,1.2690,0.7002,1.0000,10697,0.8555,0.6134,1.2671,0.6973,1.0000,140,0.0112
bend,0.3000,frozen@c,b1.00,2.5000,12504,14058,14058,0,10708,0.6730,1.3995,0.7698,0.9972,10665,0.8529,0.6697,1.3742,0.7545,1.0000,137,0.0110
bend,0.3000,frozen@c,a,5.0000,12504,14058,14058,0,10914,0.6088,1.3125,0.7319,0.9887,10914,0.8728,0.6088,1.3125,0.7319,0.9887,529,0.0423
bend,0.3000,frozen@c,b,5.0000,12504,14058,14058,0,10914,0.6119,1.3243,0.7424,0.9879,10910,0.8725,0.6114,1.3197,0.7399,0.9884,525,0.0420
bend,0.3000,frozen@c,c,5.0000,12504,14058,14058,0,10914,0.6220,1.3581,0.7490,0.9891,10913,0.8728,0.6217,1.3586,0.7479,0.9893,519,0.0415
bend,0.3000,frozen@c,b1.00,5.0000,12504,14058,14058,0,10914,0.6823,1.4712,0.8169,0.9871,10904,0.8720,0.6812,1.4634,0.8093,0.9881,510,0.0408
bend,0.3000,frozen@c,a,8.0000,12504,14058,14058,0,10970,0.6105,1.3357,0.7605,0.9837,10970,0.8773,0.6105,1.3357,0.7605,0.9837,1300,0.1040
bend,0.3000,frozen@c,b,8.0000,12504,14058,14058,0,10970,0.6139,1.3513,0.7709,0.9829,10967,0.8771,0.6136,1.3487,0.7683,0.9832,1292,0.1033
bend,0.3000,frozen@c,c,8.0000,12504,14058,14058,0,10970,0.6245,1.3787,0.7773,0.9840,10969,0.8772,0.6243,1.3794,0.7762,0.9842,1273,0.1018
bend,0.3000,frozen@c,b1.00,8.0000,12504,14058,14058,0,10970,0.6847,1.4970,0.8450,0.9820,10967,0.8771,0.6836,1.4919,0.8408,0.9824,1265,0.1012
bend,0.3000,own,a,2.5000,12504,14187,,,,,,,,10704,0.8560,0.6051,1.2510,0.6884,1.0000,142,0.0114
bend,0.3000,own,a,5.0000,12504,14187,,,,,,,,10914,0.8728,0.6122,1.3301,0.7397,0.9882,534,0.0427
bend,0.3000,own,a,8.0000,12504,14187,,,,,,,,10971,0.8774,0.6148,1.3590,0.7687,0.9830,1304,0.1043
bend,0.3000,own,b,2.5000,12504,14160,,,,,,,,10689,0.8548,0.6059,1.2495,0.6900,1.0000,144,0.0115
bend,0.3000,own,b,5.0000,12504,14160,,,,,,,,10916,0.8730,0.6141,1.3279,0.7441,0.9877,535,0.0428
bend,0.3000,own,b,8.0000,12504,14160,,,,,,,,10975,0.8777,0.6159,1.3541,0.7731,0.9824,1293,0.1034
bend,0.3000,own,c,2.5000,12504,14058,,,,,,,,10697,0.8555,0.6134,1.2671,0.6973,1.0000,140,0.0112
bend,0.3000,own,c,5.0000,12504,14058,,,,,,,,10913,0.8728,0.6217,1.3586,0.7479,0.9893,519,0.0415
bend,0.3000,own,c,8.0000,12504,14058,,,,,,,,10969,0.8772,0.6243,1.3794,0.7762,0.9842,1273,0.1018
bend,0.3000,own,b1.00,2.5000,12504,14194,,,,,,,,10679,0.8540,0.6589,1.3430,0.7434,1.0000,143,0.0114
bend,0.3000,own,b1.00,5.0000,12504,14194,,,,,,,,10922,0.8735,0.6699,1.4461,0.7999,0.9875,513,0.0410
bend,0.3000,own,b1.00,8.0000,12504,14194,,,,,,,,10983,0.8784,0.6735,1.4696,0.8298,0.9821,1281,0.1024
